,filename,target_label,predicted_label
0,000015_id-224.jpg,224,224
1,000034_id-154.jpg,154,154
2,000045_id-348.jpg,348,348
3,000114_id-84.jpg,84,84
4,000116_id-9.jpg,9,9
5,000180_id-287.jpg,287,287
6,000203_id-312.jpg,312,312
7,000239_id-248.jpg,248,248
8,000249_id-386.jpg,386,386
9,000323_id-27.jpg,27,27
10,000372_id-374.jpg,374,374
11,000475_id-142.jpg,142,142
12,000479_id-363.jpg,363,382
13,000589_id-266.jpg,266,266
14,000648_id-119.jpg,119,119
15,000674_id-475.jpg,475,475
16,000690_id-228.jpg,228,228
17,000719_id-470.jpg,470,470
18,000829_id-453.jpg,453,367
19,000954_id-330.jpg,330,330
20,001003_id-185.jpg,185,185
21,001005_id-267.jpg,267,165
22,001184_id-362.jpg,362,418
23,001213_id-475.jpg,475,475
24,001248_id-113.jpg,113,113
25,001277_id-431.jpg,431,431
26,001319_id-173.jpg,173,173
27,001342_id-86.jpg,86,86
28,001364_id-483.jpg,483,483
29,001473_id-30.jpg,30,30
30,001518_id-356.jpg,356,356
31,001553_id-0.jpg,0,0
32,001618_id-294.jpg,294,294
33,001632_id-208.jpg,208,208
34,001760_id-109.jpg,109,109
35,001764_id-75.jpg,75,75
36,001786_id-8.jpg,8,8
37,001941_id-37.jpg,37,37
38,001955_id-151.jpg,151,151
39,002045_id-262.jpg,262,262
40,002238_id-396.jpg,396,357
41,002322_id-329.jpg,329,329
42,002400_id-56.jpg,56,56
43,002507_id-315.jpg,315,231
44,002586_id-470.jpg,470,470
45,002622_id-229.jpg,229,229
46,002736_id-222.jpg,222,103
47,002741_id-325.jpg,325,325
48,002767_id-35.jpg,35,35
49,002849_id-38.jpg,38,197
50,002913_id-271.jpg,271,271
51,002956_id-110.jpg,110,110
52,002993_id-111.jpg,111,198
53,003118_id-366.jpg,366,366
54,003347_id-348.jpg,348,93
55,003497_id-484.jpg,484,484
56,003566_id-40.jpg,40,40
57,003771_id-350.jpg,350,497
58,003808_id-429.jpg,429,429
59,003832_id-41.jpg,41,41
60,003882_id-288.jpg,288,288
61,003923_id-493.jpg,493,493
62,003950_id-474.jpg,474,474
63,004171_id-325.jpg,325,325
64,004188_id-317.jpg,317,317
65,004316_id-438.jpg,438,438
66,004739_id-217.jpg,217,217
67,004810_id-218.jpg,218,218
68,004826_id-186.jpg,186,186
69,004862_id-81.jpg,81,81
70,004901_id-381.jpg,381,182
71,005111_id-190.jpg,190,190
72,005113_id-122.jpg,122,122
73,005121_id-117.jpg,117,117
74,005227_id-381.jpg,381,381
75,005265_id-0.jpg,0,0
76,005319_id-483.jpg,483,483
77,005444_id-496.jpg,496,496
78,005505_id-216.jpg,216,216
79,005558_id-184.jpg,184,184
80,005636_id-238.jpg,238,308
81,005664_id-302.jpg,302,302
82,005690_id-27.jpg,27,27
83,005710_id-231.jpg,231,231
84,005751_id-396.jpg,396,396
85,005758_id-271.jpg,271,271
86,005780_id-324.jpg,324,106
87,005837_id-491.jpg,491,491
88,005884_id-443.jpg,443,443
89,005908_id-480.jpg,480,218
90,005923_id-349.jpg,349,349
91,006289_id-360.jpg,360,360
92,006321_id-497.jpg,497,497
93,006530_id-463.jpg,463,463
94,006704_id-333.jpg,333,333
95,006790_id-26.jpg,26,26
96,006829_id-3.jpg,3,3
97,006881_id-400.jpg,400,400
98,007049_id-476.jpg,476,123
99,007113_id-369.jpg,369,369
100,007150_id-247.jpg,247,247
101,007200_id-309.jpg,309,309
102,007218_id-431.jpg,431,431
103,007285_id-343.jpg,343,343
104,007299_id-195.jpg,195,195
105,007342_id-339.jpg,339,339
106,007395_id-70.jpg,70,367
107,007459_id-355.jpg,355,355
108,007479_id-156.jpg,156,156
109,007500_id-216.jpg,216,216
110,007566_id-341.jpg,341,341
111,007572_id-353.jpg,353,353
112,007641_id-157.jpg,157,157
113,007680_id-190.jpg,190,190
114,007755_id-81.jpg,81,81
115,007770_id-15.jpg,15,420
116,007810_id-79.jpg,79,79
117,007863_id-114.jpg,114,208
118,008102_id-340.jpg,340,340
119,008137_id-171.jpg,171,171
120,008160_id-330.jpg,330,330
121,008211_id-89.jpg,89,89
122,008279_id-118.jpg,118,118
123,008281_id-27.jpg,27,27
124,008317_id-244.jpg,244,73
125,008368_id-188.jpg,188,188
126,008371_id-280.jpg,280,280
127,008388_id-83.jpg,83,83
128,008464_id-86.jpg,86,86
129,008616_id-283.jpg,283,283
130,008703_id-19.jpg,19,19
131,008719_id-197.jpg,197,197
132,008731_id-122.jpg,122,122
133,008836_id-110.jpg,110,440
134,008884_id-374.jpg,374,374
135,008888_id-312.jpg,312,312
136,008978_id-233.jpg,233,4
137,008980_id-395.jpg,395,395
138,009006_id-477.jpg,477,477
139,009084_id-207.jpg,207,125
140,009104_id-460.jpg,460,460
141,009189_id-439.jpg,439,439
142,009209_id-132.jpg,132,132
143,009251_id-404.jpg,404,356
144,009355_id-238.jpg,238,238
145,009404_id-51.jpg,51,51
146,009530_id-109.jpg,109,109
147,009546_id-414.jpg,414,297
148,009642_id-26.jpg,26,26
149,009775_id-235.jpg,235,235
150,009922_id-251.jpg,251,251
151,009936_id-116.jpg,116,116
152,009963_id-344.jpg,344,344
153,009978_id-24.jpg,24,24
154,009980_id-150.jpg,150,150
155,010044_id-96.jpg,96,96
156,010142_id-496.jpg,496,496
157,010202_id-51.jpg,51,358
158,010241_id-76.jpg,76,76
159,010263_id-297.jpg,297,107
160,010276_id-162.jpg,162,329
161,010312_id-58.jpg,58,58
162,010575_id-260.jpg,260,188
163,010619_id-498.jpg,498,498
164,010736_id-468.jpg,468,468
165,010740_id-498.jpg,498,498
166,010855_id-313.jpg,313,313
167,010887_id-348.jpg,348,113
168,010893_id-145.jpg,145,145
169,010921_id-115.jpg,115,115
170,011092_id-113.jpg,113,113
171,011187_id-52.jpg,52,52
172,011230_id-300.jpg,300,300
173,011281_id-456.jpg,456,456
174,011336_id-90.jpg,90,90
175,011558_id-23.jpg,23,23
176,011619_id-499.jpg,499,499
177,011675_id-340.jpg,340,340
178,011779_id-436.jpg,436,436
179,012201_id-226.jpg,226,226
180,012216_id-268.jpg,268,268
181,012239_id-323.jpg,323,323
182,012245_id-118.jpg,118,118
183,012299_id-270.jpg,270,270
184,012337_id-366.jpg,366,346
185,012367_id-490.jpg,490,490
186,012402_id-407.jpg,407,407
187,012452_id-26.jpg,26,26
188,012492_id-452.jpg,452,224
189,012544_id-148.jpg,148,148
190,012577_id-84.jpg,84,84
191,012657_id-95.jpg,95,95
192,012901_id-386.jpg,386,331
193,012987_id-398.jpg,398,398
194,013006_id-131.jpg,131,131
195,013007_id-301.jpg,301,301
196,013036_id-111.jpg,111,127
197,013098_id-222.jpg,222,222
198,013111_id-348.jpg,348,308
199,013230_id-371.jpg,371,371
200,013254_id-432.jpg,432,432
201,013514_id-458.jpg,458,457
202,013645_id-4.jpg,4,462
203,013719_id-199.jpg,199,199
204,013724_id-412.jpg,412,412
205,013858_id-158.jpg,158,158
206,013951_id-333.jpg,333,333
207,014006_id-314.jpg,314,314
208,014065_id-298.jpg,298,298
209,014256_id-369.jpg,369,120
210,014311_id-66.jpg,66,66
211,014469_id-443.jpg,443,443
212,014595_id-65.jpg,65,65
213,014607_id-49.jpg,49,49
214,014695_id-147.jpg,147,177
215,014809_id-443.jpg,443,443
216,014839_id-37.jpg,37,37
217,014868_id-443.jpg,443,443
218,014916_id-477.jpg,477,477
219,014974_id-220.jpg,220,65
220,014985_id-191.jpg,191,191
221,015007_id-172.jpg,172,172
222,015130_id-303.jpg,303,303
223,015177_id-14.jpg,14,14
224,015240_id-221.jpg,221,207
225,015269_id-22.jpg,22,22
226,015274_id-204.jpg,204,204
227,015571_id-176.jpg,176,176
228,015599_id-157.jpg,157,157
229,015732_id-411.jpg,411,411
230,015827_id-470.jpg,470,470
231,015844_id-413.jpg,413,413
232,015881_id-174.jpg,174,174
233,016146_id-85.jpg,85,85
234,016325_id-263.jpg,263,263
235,016406_id-160.jpg,160,157
236,016411_id-378.jpg,378,378
237,016465_id-283.jpg,283,283
238,016523_id-407.jpg,407,407
239,016607_id-93.jpg,93,93
240,016637_id-27.jpg,27,27
241,016714_id-228.jpg,228,228
242,016716_id-35.jpg,35,35
243,016743_id-117.jpg,117,487
244,016797_id-180.jpg,180,256
245,016804_id-49.jpg,49,49
246,016954_id-465.jpg,465,12
247,016995_id-473.jpg,473,473
248,017173_id-57.jpg,57,57
249,017299_id-260.jpg,260,271
250,017326_id-409.jpg,409,409
251,017336_id-264.jpg,264,85
252,017425_id-438.jpg,438,243
253,017476_id-474.jpg,474,192
254,017539_id-262.jpg,262,262
255,017591_id-146.jpg,146,146
256,017595_id-197.jpg,197,197
257,017652_id-353.jpg,353,353
258,017761_id-273.jpg,273,192
259,017805_id-29.jpg,29,29
260,017807_id-207.jpg,207,88
261,017842_id-95.jpg,95,95
262,017845_id-254.jpg,254,254
263,017938_id-497.jpg,497,497
264,018016_id-134.jpg,134,134
265,018061_id-122.jpg,122,122
266,018123_id-267.jpg,267,267
267,018491_id-283.jpg,283,283
268,018610_id-447.jpg,447,447
269,018719_id-311.jpg,311,311
270,018781_id-49.jpg,49,49
271,018888_id-15.jpg,15,15
272,018907_id-233.jpg,233,59
273,018923_id-218.jpg,218,218
274,018940_id-339.jpg,339,339
275,018944_id-270.jpg,270,270
276,018980_id-349.jpg,349,349
277,019020_id-147.jpg,147,147
278,019046_id-427.jpg,427,427
279,019205_id-402.jpg,402,153
280,019243_id-217.jpg,217,235
281,019250_id-3.jpg,3,3
282,019452_id-145.jpg,145,389
283,019555_id-125.jpg,125,125
284,019609_id-250.jpg,250,446
285,019662_id-131.jpg,131,334
286,019756_id-369.jpg,369,159
287,019793_id-133.jpg,133,133
288,019907_id-370.jpg,370,370
289,020051_id-160.jpg,160,104
290,020262_id-50.jpg,50,50
291,020288_id-453.jpg,453,453
292,020395_id-255.jpg,255,255
293,020463_id-76.jpg,76,76
294,020614_id-127.jpg,127,21
295,020850_id-391.jpg,391,391
296,020893_id-106.jpg,106,106
297,020955_id-279.jpg,279,279
298,021029_id-95.jpg,95,95
299,021048_id-263.jpg,263,263
300,021056_id-202.jpg,202,389
301,021078_id-301.jpg,301,301
302,021197_id-488.jpg,488,488
303,021205_id-490.jpg,490,490
304,021208_id-65.jpg,65,429
305,021212_id-479.jpg,479,479
306,021262_id-202.jpg,202,202
307,021315_id-367.jpg,367,367
308,021321_id-126.jpg,126,126
309,021325_id-448.jpg,448,481
310,021350_id-404.jpg,404,94
311,021651_id-67.jpg,67,67
312,021734_id-463.jpg,463,236
313,021831_id-253.jpg,253,253
314,021878_id-15.jpg,15,221
315,021893_id-138.jpg,138,138
316,022080_id-158.jpg,158,158
317,022137_id-362.jpg,362,233
318,022235_id-170.jpg,170,170
319,022248_id-253.jpg,253,253
320,022290_id-100.jpg,100,334
321,022341_id-170.jpg,170,170
322,022491_id-202.jpg,202,311
323,022629_id-311.jpg,311,450
324,022654_id-250.jpg,250,218
325,022704_id-401.jpg,401,401
326,022705_id-375.jpg,375,375
327,022707_id-109.jpg,109,493
328,022708_id-153.jpg,153,172
329,022794_id-57.jpg,57,4
330,022952_id-240.jpg,240,240
331,023013_id-370.jpg,370,370
332,023155_id-84.jpg,84,84
333,023195_id-308.jpg,308,155
334,023226_id-266.jpg,266,290
335,023242_id-328.jpg,328,328
336,023247_id-235.jpg,235,235
337,023369_id-105.jpg,105,258
338,023397_id-229.jpg,229,229
339,023400_id-274.jpg,274,274
340,023541_id-167.jpg,167,429
341,023633_id-404.jpg,404,492
342,023695_id-99.jpg,99,99
343,023718_id-490.jpg,490,490
344,023785_id-487.jpg,487,487
345,023891_id-89.jpg,89,89
346,023963_id-394.jpg,394,394
347,024105_id-160.jpg,160,160
348,024184_id-456.jpg,456,153
349,024336_id-215.jpg,215,215
350,024383_id-436.jpg,436,436
351,024515_id-378.jpg,378,378
352,024527_id-242.jpg,242,242
353,024973_id-315.jpg,315,446
354,025019_id-31.jpg,31,459
355,025025_id-172.jpg,172,172
356,025399_id-455.jpg,455,455
357,025444_id-484.jpg,484,71
358,025473_id-149.jpg,149,149
359,025533_id-48.jpg,48,48
360,025563_id-16.jpg,16,16
361,025577_id-181.jpg,181,181
362,025670_id-9.jpg,9,9
363,025694_id-309.jpg,309,309
364,025882_id-219.jpg,219,105
365,025989_id-179.jpg,179,179
366,026003_id-36.jpg,36,36
367,026056_id-148.jpg,148,148
368,026063_id-353.jpg,353,353
369,026115_id-153.jpg,153,153
370,026182_id-232.jpg,232,236
371,026211_id-224.jpg,224,224
372,026222_id-137.jpg,137,70
373,026237_id-469.jpg,469,469
374,026288_id-185.jpg,185,185
375,026359_id-241.jpg,241,18
376,026505_id-119.jpg,119,119
377,026523_id-361.jpg,361,361
378,026604_id-119.jpg,119,387
379,026616_id-275.jpg,275,275
380,026746_id-14.jpg,14,14
381,026880_id-355.jpg,355,480
382,026895_id-9.jpg,9,389
383,026933_id-415.jpg,415,415
384,027180_id-462.jpg,462,462
385,027184_id-303.jpg,303,303
386,027246_id-200.jpg,200,200
387,027321_id-245.jpg,245,245
388,027466_id-331.jpg,331,62
389,027525_id-372.jpg,372,372
390,027527_id-224.jpg,224,224
391,027555_id-80.jpg,80,80
392,027900_id-186.jpg,186,395
393,027950_id-21.jpg,21,21
394,027967_id-453.jpg,453,453
395,028117_id-61.jpg,61,236
396,028167_id-363.jpg,363,363
397,028212_id-181.jpg,181,181
398,028225_id-80.jpg,80,80
399,028240_id-355.jpg,355,355
400,028246_id-320.jpg,320,320
401,028257_id-60.jpg,60,60
402,028295_id-43.jpg,43,420
403,028390_id-422.jpg,422,422
404,028444_id-93.jpg,93,93
405,028513_id-103.jpg,103,103
406,028548_id-470.jpg,470,470
407,028595_id-173.jpg,173,173
408,028629_id-243.jpg,243,243
409,028657_id-272.jpg,272,272
410,028752_id-395.jpg,395,395
411,028839_id-184.jpg,184,184
412,028976_id-275.jpg,275,275
413,029040_id-173.jpg,173,355
414,029152_id-447.jpg,447,447
415,029238_id-138.jpg,138,293
416,029241_id-473.jpg,473,473
417,029286_id-477.jpg,477,477
418,029415_id-38.jpg,38,38
419,029486_id-232.jpg,232,232
420,029567_id-204.jpg,204,204
421,029612_id-114.jpg,114,208
422,029767_id-347.jpg,347,170
423,029794_id-471.jpg,471,206
424,029843_id-269.jpg,269,218
425,029937_id-225.jpg,225,225
426,030024_id-162.jpg,162,162
427,030028_id-465.jpg,465,464
428,030076_id-192.jpg,192,192
429,030082_id-325.jpg,325,325
430,030120_id-463.jpg,463,7
431,030312_id-193.jpg,193,193
432,030394_id-227.jpg,227,348
433,030396_id-87.jpg,87,87
434,030401_id-330.jpg,330,330
435,030402_id-431.jpg,431,431
436,030430_id-19.jpg,19,19
437,030469_id-83.jpg,83,83
438,030654_id-264.jpg,264,264
439,030720_id-422.jpg,422,422
440,030865_id-347.jpg,347,347
441,030876_id-326.jpg,326,326
442,030899_id-175.jpg,175,175
443,030935_id-366.jpg,366,366
444,030957_id-288.jpg,288,288
445,030960_id-344.jpg,344,344
446,031002_id-176.jpg,176,176
447,031079_id-76.jpg,76,76
448,031084_id-162.jpg,162,162
449,031189_id-225.jpg,225,225
450,031261_id-174.jpg,174,365
451,031311_id-335.jpg,335,70
452,031374_id-214.jpg,214,214
453,031412_id-225.jpg,225,225
454,031439_id-293.jpg,293,293
455,031563_id-386.jpg,386,386
456,031672_id-325.jpg,325,325
457,031720_id-354.jpg,354,354
458,031810_id-467.jpg,467,467
459,031875_id-306.jpg,306,433
460,031944_id-310.jpg,310,457
461,032089_id-53.jpg,53,32
462,032170_id-418.jpg,418,137
463,032177_id-35.jpg,35,35
464,032201_id-236.jpg,236,236
465,032279_id-311.jpg,311,311
466,032296_id-117.jpg,117,117
467,032334_id-193.jpg,193,193
468,032367_id-190.jpg,190,225
469,032457_id-73.jpg,73,73
470,032466_id-359.jpg,359,359
471,032503_id-239.jpg,239,239
472,032608_id-280.jpg,280,280
473,032654_id-81.jpg,81,81
474,032659_id-137.jpg,137,137
475,032775_id-361.jpg,361,361
476,032802_id-432.jpg,432,400
477,032816_id-420.jpg,420,420
478,032834_id-434.jpg,434,464
479,032848_id-106.jpg,106,155
480,033107_id-32.jpg,32,32
481,033305_id-108.jpg,108,478
482,033409_id-312.jpg,312,312
483,033413_id-395.jpg,395,395
484,033503_id-392.jpg,392,392
485,033602_id-391.jpg,391,391
486,033660_id-108.jpg,108,108
487,034120_id-58.jpg,58,58
488,034205_id-15.jpg,15,123
489,034228_id-322.jpg,322,322
490,034310_id-427.jpg,427,427
491,034331_id-331.jpg,331,331
492,034361_id-200.jpg,200,200
493,034413_id-103.jpg,103,103
494,034605_id-194.jpg,194,194
495,034647_id-387.jpg,387,387
496,034674_id-250.jpg,250,250
497,034749_id-426.jpg,426,426
498,034899_id-354.jpg,354,354
499,034900_id-302.jpg,302,302
500,034903_id-426.jpg,426,426
501,034995_id-420.jpg,420,420
502,034997_id-471.jpg,471,471
503,035306_id-112.jpg,112,112
504,035455_id-404.jpg,404,131
505,035650_id-479.jpg,479,479
506,035863_id-423.jpg,423,423
507,035889_id-155.jpg,155,155
508,035923_id-444.jpg,444,444
509,035934_id-319.jpg,319,319
510,035976_id-407.jpg,407,407
511,035988_id-73.jpg,73,73
512,036023_id-374.jpg,374,374
513,036050_id-130.jpg,130,130
514,036052_id-130.jpg,130,130
515,036197_id-292.jpg,292,292
516,036378_id-313.jpg,313,313
517,036426_id-21.jpg,21,21
518,036523_id-455.jpg,455,170
519,036606_id-214.jpg,214,214
520,036619_id-300.jpg,300,300
521,036642_id-488.jpg,488,488
522,036738_id-460.jpg,460,460
523,036861_id-375.jpg,375,375
524,037007_id-5.jpg,5,5
525,037081_id-67.jpg,67,67
526,037116_id-442.jpg,442,442
527,037120_id-406.jpg,406,406
528,037171_id-297.jpg,297,297
529,037539_id-214.jpg,214,214
530,037672_id-110.jpg,110,110
531,037721_id-421.jpg,421,421
532,037724_id-408.jpg,408,474
533,037794_id-208.jpg,208,208
534,037939_id-426.jpg,426,426
535,037947_id-8.jpg,8,120
536,038044_id-194.jpg,194,194
537,038185_id-73.jpg,73,73
538,038204_id-229.jpg,229,229
539,038350_id-175.jpg,175,175
540,038418_id-261.jpg,261,261
541,038560_id-127.jpg,127,127
542,038667_id-65.jpg,65,65
543,038813_id-333.jpg,333,333
544,038940_id-193.jpg,193,193
545,038955_id-11.jpg,11,11
546,039231_id-155.jpg,155,155
547,039243_id-116.jpg,116,116
548,039273_id-414.jpg,414,414
549,039282_id-487.jpg,487,383
550,039323_id-315.jpg,315,315
551,039355_id-420.jpg,420,420
552,039408_id-179.jpg,179,179
553,039431_id-452.jpg,452,452
554,039442_id-76.jpg,76,76
555,039668_id-136.jpg,136,136
556,039894_id-155.jpg,155,17
557,039901_id-174.jpg,174,174
558,039909_id-322.jpg,322,257
559,039928_id-91.jpg,91,91
560,040059_id-207.jpg,207,207
561,040248_id-18.jpg,18,18
562,040498_id-108.jpg,108,108
563,040551_id-202.jpg,202,202
564,040637_id-44.jpg,44,224
565,040645_id-345.jpg,345,345
566,040654_id-396.jpg,396,396
567,040740_id-306.jpg,306,144
568,040954_id-493.jpg,493,493
569,040970_id-194.jpg,194,433
570,041106_id-296.jpg,296,296
571,041129_id-16.jpg,16,16
572,041230_id-79.jpg,79,79
573,041450_id-326.jpg,326,436
574,041682_id-319.jpg,319,251
575,041683_id-247.jpg,247,247
576,041713_id-340.jpg,340,340
577,041731_id-458.jpg,458,458
578,041750_id-480.jpg,480,480
579,041764_id-448.jpg,448,448
580,041778_id-443.jpg,443,443
581,041804_id-61.jpg,61,61
582,041852_id-367.jpg,367,194
583,041854_id-354.jpg,354,354
584,042128_id-137.jpg,137,137
585,042179_id-239.jpg,239,23
586,042233_id-498.jpg,498,498
587,042250_id-225.jpg,225,185
588,042305_id-236.jpg,236,236
589,042309_id-31.jpg,31,31
590,042407_id-251.jpg,251,251
591,042540_id-488.jpg,488,425
592,042636_id-267.jpg,267,378
593,042654_id-29.jpg,29,29
594,042804_id-106.jpg,106,106
595,042858_id-463.jpg,463,219
596,043031_id-374.jpg,374,374
597,043038_id-41.jpg,41,169
598,043087_id-389.jpg,389,389
599,043105_id-40.jpg,40,40
600,043146_id-360.jpg,360,360
601,043169_id-30.jpg,30,30
602,043176_id-464.jpg,464,465
603,043201_id-241.jpg,241,241
604,043240_id-341.jpg,341,341
605,043263_id-300.jpg,300,177
606,043309_id-323.jpg,323,323
607,043427_id-220.jpg,220,220
608,043485_id-110.jpg,110,218
609,043599_id-41.jpg,41,41
610,043619_id-425.jpg,425,425
611,043800_id-222.jpg,222,222
612,043808_id-228.jpg,228,84
613,043934_id-34.jpg,34,489
614,044116_id-293.jpg,293,293
615,044160_id-325.jpg,325,325
616,044181_id-439.jpg,439,439
617,044273_id-305.jpg,305,305
618,044340_id-445.jpg,445,445
619,044354_id-254.jpg,254,254
620,044423_id-391.jpg,391,391
621,044434_id-192.jpg,192,192
622,044495_id-117.jpg,117,97
623,044525_id-294.jpg,294,464
624,044551_id-159.jpg,159,491
625,044595_id-22.jpg,22,181
626,044596_id-134.jpg,134,134
627,044621_id-113.jpg,113,113
628,044649_id-124.jpg,124,124
629,044685_id-115.jpg,115,115
630,044739_id-372.jpg,372,372
631,044749_id-203.jpg,203,315
632,044780_id-192.jpg,192,192
633,044858_id-24.jpg,24,24
634,044916_id-126.jpg,126,126
635,044937_id-196.jpg,196,196
636,045080_id-302.jpg,302,302
637,045118_id-131.jpg,131,131
638,045276_id-313.jpg,313,313
639,045347_id-268.jpg,268,268
640,045458_id-301.jpg,301,301
641,045465_id-11.jpg,11,11
642,045474_id-326.jpg,326,326
643,045506_id-272.jpg,272,272
644,045712_id-357.jpg,357,357
645,045715_id-185.jpg,185,120
646,045792_id-279.jpg,279,279
647,045832_id-497.jpg,497,497
648,045964_id-78.jpg,78,178
649,046109_id-5.jpg,5,5
650,046126_id-168.jpg,168,168
651,046427_id-362.jpg,362,362
652,046428_id-142.jpg,142,142
653,046536_id-341.jpg,341,341
654,046543_id-288.jpg,288,288
655,046731_id-497.jpg,497,30
656,046817_id-361.jpg,361,361
657,046850_id-268.jpg,268,268
658,046916_id-378.jpg,378,378
659,046939_id-120.jpg,120,160
660,046986_id-469.jpg,469,469
661,046987_id-305.jpg,305,157
662,047063_id-321.jpg,321,321
663,047123_id-270.jpg,270,270
664,047224_id-25.jpg,25,387
665,047245_id-324.jpg,324,324
666,047276_id-80.jpg,80,80
667,047277_id-293.jpg,293,293
668,047467_id-439.jpg,439,439
669,047645_id-311.jpg,311,311
670,047766_id-262.jpg,262,262
671,047971_id-147.jpg,147,147
672,048038_id-365.jpg,365,365
673,048052_id-274.jpg,274,274
674,048100_id-253.jpg,253,253
675,048194_id-444.jpg,444,100
676,048313_id-444.jpg,444,415
677,048347_id-361.jpg,361,361
678,048371_id-264.jpg,264,264
679,048500_id-381.jpg,381,190
680,048518_id-347.jpg,347,347
681,048549_id-182.jpg,182,182
682,048638_id-253.jpg,253,253
683,048643_id-339.jpg,339,339
684,049017_id-132.jpg,132,132
685,049069_id-430.jpg,430,430
686,049087_id-446.jpg,446,446
687,049113_id-95.jpg,95,95
688,049192_id-229.jpg,229,229
689,049218_id-130.jpg,130,130
690,049401_id-370.jpg,370,370
691,049483_id-78.jpg,78,78
692,049519_id-5.jpg,5,5
693,049528_id-269.jpg,269,269
694,049529_id-116.jpg,116,116
695,049561_id-447.jpg,447,447
696,049590_id-422.jpg,422,422
697,049615_id-480.jpg,480,480
698,049693_id-179.jpg,179,179
699,049768_id-458.jpg,458,471
700,049854_id-23.jpg,23,23
701,050077_id-372.jpg,372,372
702,050203_id-400.jpg,400,301
703,050245_id-200.jpg,200,200
704,050275_id-192.jpg,192,457
705,050289_id-462.jpg,462,58
706,050367_id-48.jpg,48,48
707,050371_id-320.jpg,320,320
708,050445_id-378.jpg,378,378
709,050524_id-362.jpg,362,362
710,050559_id-432.jpg,432,432
711,050592_id-191.jpg,191,191
712,050675_id-13.jpg,13,13
713,050882_id-118.jpg,118,118
714,050906_id-479.jpg,479,479
715,050968_id-146.jpg,146,146
716,051033_id-424.jpg,424,424
717,051211_id-323.jpg,323,323
718,051469_id-425.jpg,425,175
719,051537_id-369.jpg,369,369
720,051575_id-7.jpg,7,7
721,051589_id-456.jpg,456,456
722,051632_id-296.jpg,296,296
723,051696_id-394.jpg,394,394
724,051830_id-251.jpg,251,251
725,051870_id-90.jpg,90,90
726,051931_id-158.jpg,158,158
727,051971_id-468.jpg,468,468
728,052022_id-175.jpg,175,175
729,052069_id-272.jpg,272,272
730,052072_id-321.jpg,321,321
731,052095_id-248.jpg,248,360
732,052123_id-5.jpg,5,5
733,052230_id-86.jpg,86,86
734,052235_id-56.jpg,56,56
735,052269_id-85.jpg,85,411
736,052302_id-70.jpg,70,481
737,052407_id-482.jpg,482,482
738,052453_id-496.jpg,496,431
739,052621_id-300.jpg,300,129
740,052705_id-58.jpg,58,58
741,052767_id-114.jpg,114,114
742,052887_id-171.jpg,171,171
743,052896_id-138.jpg,138,138
744,052910_id-263.jpg,263,263
745,052990_id-270.jpg,270,270
746,053019_id-175.jpg,175,240
747,053054_id-61.jpg,61,20
748,053193_id-394.jpg,394,394
749,053222_id-244.jpg,244,244
750,053266_id-297.jpg,297,297
751,053315_id-124.jpg,124,124
752,053383_id-33.jpg,33,33
753,053636_id-395.jpg,395,395
754,053647_id-94.jpg,94,94
755,053688_id-126.jpg,126,126
756,053740_id-8.jpg,8,8
757,053751_id-310.jpg,310,92
758,053810_id-186.jpg,186,395
759,053811_id-351.jpg,351,105
760,053929_id-100.jpg,100,100
761,053984_id-149.jpg,149,149
762,054017_id-379.jpg,379,379
763,054027_id-396.jpg,396,396
764,054071_id-379.jpg,379,215
765,054264_id-164.jpg,164,164
766,054272_id-9.jpg,9,440
767,054279_id-413.jpg,413,413
768,054333_id-430.jpg,430,430
769,054388_id-233.jpg,233,4
770,054487_id-162.jpg,162,162
771,054558_id-305.jpg,305,305
772,054644_id-215.jpg,215,407
773,054840_id-231.jpg,231,440
774,054887_id-110.jpg,110,110
775,054891_id-229.jpg,229,303
776,054932_id-56.jpg,56,56
777,055005_id-481.jpg,481,481
778,055057_id-79.jpg,79,79
779,055116_id-401.jpg,401,401
780,055164_id-458.jpg,458,458
781,055166_id-367.jpg,367,367
782,055192_id-345.jpg,345,345
783,055200_id-86.jpg,86,86
784,055527_id-356.jpg,356,356
785,055530_id-95.jpg,95,95
786,055553_id-312.jpg,312,312
787,055556_id-43.jpg,43,43
788,055702_id-216.jpg,216,216
789,055727_id-196.jpg,196,196
790,055781_id-369.jpg,369,369
791,055799_id-109.jpg,109,109
792,055824_id-120.jpg,120,120
793,056033_id-115.jpg,115,115
794,056181_id-473.jpg,473,473
795,056285_id-476.jpg,476,420
796,056373_id-196.jpg,196,196
797,056379_id-457.jpg,457,457
798,056461_id-398.jpg,398,398
799,056468_id-218.jpg,218,218
800,056547_id-416.jpg,416,416
801,056680_id-411.jpg,411,411
802,056707_id-288.jpg,288,288
803,056720_id-131.jpg,131,131
804,056764_id-0.jpg,0,0
805,056790_id-391.jpg,391,391
806,056799_id-200.jpg,200,200
807,056873_id-13.jpg,13,13
808,056942_id-412.jpg,412,412
809,057057_id-496.jpg,496,496
810,057177_id-392.jpg,392,392
811,057519_id-43.jpg,43,43
812,057606_id-439.jpg,439,439
813,057628_id-446.jpg,446,446
814,057670_id-394.jpg,394,394
815,057698_id-180.jpg,180,180
816,057756_id-164.jpg,164,164
817,057939_id-176.jpg,176,176
818,058045_id-353.jpg,353,353
819,058057_id-475.jpg,475,475
820,058112_id-154.jpg,154,154
821,058148_id-459.jpg,459,459
822,058193_id-8.jpg,8,141
823,058306_id-154.jpg,154,402
824,058307_id-99.jpg,99,99
825,058380_id-483.jpg,483,151
826,058487_id-320.jpg,320,320
827,058934_id-95.jpg,95,95
828,058941_id-217.jpg,217,217
829,059042_id-315.jpg,315,382
830,059282_id-304.jpg,304,304
831,059474_id-136.jpg,136,136
832,059522_id-180.jpg,180,180
833,059664_id-188.jpg,188,188
834,059676_id-52.jpg,52,52
835,059706_id-263.jpg,263,263
836,059734_id-73.jpg,73,73
837,059788_id-477.jpg,477,477
838,059875_id-487.jpg,487,378
839,059952_id-65.jpg,65,65
840,060097_id-424.jpg,424,424
841,060141_id-11.jpg,11,11
842,060150_id-484.jpg,484,484
843,060187_id-446.jpg,446,446
844,060297_id-162.jpg,162,162
845,060338_id-308.jpg,308,85
846,060348_id-317.jpg,317,317
847,060421_id-434.jpg,434,434
848,060492_id-491.jpg,491,236
849,060515_id-469.jpg,469,469
850,060958_id-409.jpg,409,153
851,061135_id-308.jpg,308,360
852,061173_id-299.jpg,299,299
853,061187_id-144.jpg,144,144
854,061247_id-215.jpg,215,308
855,061270_id-344.jpg,344,344
856,061333_id-459.jpg,459,459
857,061380_id-57.jpg,57,21
858,061453_id-488.jpg,488,488
859,061468_id-335.jpg,335,335
860,061506_id-468.jpg,468,129
861,061745_id-199.jpg,199,199
862,061780_id-29.jpg,29,29
863,061848_id-35.jpg,35,35
864,061874_id-339.jpg,339,339
865,061934_id-315.jpg,315,315
866,061941_id-438.jpg,438,438
867,061974_id-203.jpg,203,203
868,062068_id-276.jpg,276,276
869,062174_id-379.jpg,379,379
870,062180_id-89.jpg,89,89
871,062208_id-103.jpg,103,84
872,062221_id-442.jpg,442,442
873,062324_id-196.jpg,196,196
874,062326_id-164.jpg,164,164
875,062416_id-405.jpg,405,349
876,062727_id-424.jpg,424,424
877,062942_id-43.jpg,43,43
878,062944_id-261.jpg,261,261
879,062948_id-402.jpg,402,402
880,062954_id-136.jpg,136,136
881,063014_id-216.jpg,216,312
882,063081_id-242.jpg,242,242
883,063111_id-191.jpg,191,191
884,063309_id-29.jpg,29,29
885,063425_id-317.jpg,317,317
886,063450_id-111.jpg,111,356
887,063667_id-422.jpg,422,422
888,063820_id-481.jpg,481,481
889,063865_id-408.jpg,408,408
890,063911_id-362.jpg,362,362
891,063987_id-185.jpg,185,185
892,064008_id-151.jpg,151,151
893,064014_id-438.jpg,438,438
894,064033_id-328.jpg,328,328
895,064118_id-391.jpg,391,240
896,064188_id-492.jpg,492,76
897,064268_id-182.jpg,182,182
898,064357_id-204.jpg,204,204
899,064494_id-52.jpg,52,52
900,064627_id-392.jpg,392,392
901,064731_id-193.jpg,193,193
902,064850_id-147.jpg,147,147
903,064874_id-398.jpg,398,486
904,064893_id-322.jpg,322,322
905,064991_id-250.jpg,250,250
906,065026_id-99.jpg,99,99
907,065036_id-421.jpg,421,177
908,065174_id-195.jpg,195,195
909,065462_id-305.jpg,305,305
910,065516_id-65.jpg,65,65
911,065527_id-298.jpg,298,298
912,065531_id-413.jpg,413,413
913,065593_id-86.jpg,86,86
914,065678_id-260.jpg,260,260
915,065690_id-477.jpg,477,477
916,065713_id-387.jpg,387,387
917,065805_id-423.jpg,423,423
918,065829_id-374.jpg,374,374
919,065853_id-259.jpg,259,259
920,065868_id-408.jpg,408,225
921,065978_id-80.jpg,80,80
922,066013_id-93.jpg,93,288
923,066034_id-25.jpg,25,88
924,066150_id-445.jpg,445,445
925,066311_id-3.jpg,3,3
926,066339_id-298.jpg,298,0
927,066375_id-352.jpg,352,317
928,066475_id-48.jpg,48,48
929,066556_id-447.jpg,447,447
930,066673_id-491.jpg,491,226
931,066679_id-23.jpg,23,23
932,066751_id-464.jpg,464,464
933,066776_id-319.jpg,319,319
934,066806_id-465.jpg,465,464
935,066829_id-99.jpg,99,245
936,066850_id-408.jpg,408,408
937,066861_id-94.jpg,94,27
938,066874_id-167.jpg,167,167
939,067013_id-36.jpg,36,36
940,067104_id-431.jpg,431,431
941,067150_id-40.jpg,40,40
942,067242_id-380.jpg,380,116
943,067276_id-32.jpg,32,346
944,067445_id-0.jpg,0,371
945,067514_id-391.jpg,391,391
946,067655_id-415.jpg,415,415
947,067699_id-283.jpg,283,283
948,067728_id-215.jpg,215,215
949,067746_id-42.jpg,42,58
950,067752_id-271.jpg,271,271
951,067850_id-412.jpg,412,412
952,067945_id-253.jpg,253,253
953,067947_id-214.jpg,214,214
954,068090_id-438.jpg,438,438
955,068101_id-427.jpg,427,427
956,068246_id-18.jpg,18,18
957,068262_id-201.jpg,201,201
958,068368_id-131.jpg,131,131
959,068485_id-429.jpg,429,85
960,068510_id-267.jpg,267,340
961,068539_id-180.jpg,180,180
962,068623_id-153.jpg,153,440
963,068809_id-283.jpg,283,283
964,068813_id-112.jpg,112,48
965,068905_id-427.jpg,427,427
966,069064_id-133.jpg,133,133
967,069151_id-57.jpg,57,57
968,069295_id-52.jpg,52,165
969,069316_id-324.jpg,324,10
970,069326_id-67.jpg,67,67
971,069471_id-277.jpg,277,47
972,069559_id-30.jpg,30,30
973,069567_id-191.jpg,191,191
974,069665_id-416.jpg,416,416
975,069681_id-108.jpg,108,192
976,069761_id-366.jpg,366,101
977,069921_id-431.jpg,431,431
978,069950_id-328.jpg,328,400
979,069953_id-96.jpg,96,96
980,069980_id-233.jpg,233,233
981,070087_id-219.jpg,219,219
982,070217_id-225.jpg,225,225
983,070231_id-221.jpg,221,221
984,070293_id-214.jpg,214,214
985,070315_id-442.jpg,442,442
986,070382_id-85.jpg,85,85
987,070413_id-239.jpg,239,35
988,070552_id-366.jpg,366,207
989,070732_id-462.jpg,462,26
990,070881_id-61.jpg,61,61
991,070894_id-254.jpg,254,254
992,070920_id-244.jpg,244,244
993,071060_id-241.jpg,241,241
994,071078_id-330.jpg,330,330
995,071211_id-295.jpg,295,295
996,071213_id-227.jpg,227,189
997,071218_id-299.jpg,299,299
998,071223_id-245.jpg,245,245
999,071330_id-179.jpg,179,179
1000,071368_id-414.jpg,414,414
1001,071582_id-268.jpg,268,268
1002,071638_id-158.jpg,158,462
1003,071774_id-42.jpg,42,42
1004,071786_id-8.jpg,8,169
1005,071808_id-307.jpg,307,157
1006,071850_id-227.jpg,227,331
1007,071853_id-186.jpg,186,186
1008,071894_id-335.jpg,335,335
1009,072006_id-243.jpg,243,243
1010,072008_id-139.jpg,139,139
1011,072032_id-149.jpg,149,149
1012,072055_id-398.jpg,398,165
1013,072076_id-197.jpg,197,197
1014,072152_id-262.jpg,262,262
1015,072328_id-87.jpg,87,87
1016,072407_id-470.jpg,470,470
1017,072415_id-261.jpg,261,261
1018,072450_id-442.jpg,442,442
1019,072599_id-125.jpg,125,125
1020,072603_id-415.jpg,415,415
1021,072674_id-277.jpg,277,191
1022,072693_id-309.jpg,309,309
1023,072844_id-347.jpg,347,347
1024,072895_id-84.jpg,84,84
1025,073053_id-16.jpg,16,218
1026,073069_id-261.jpg,261,261
1027,073227_id-201.jpg,201,256
1028,073325_id-243.jpg,243,341
1029,073330_id-341.jpg,341,341
1030,073458_id-61.jpg,61,61
1031,073753_id-409.jpg,409,409
1032,073861_id-318.jpg,318,318
1033,073879_id-418.jpg,418,418
1034,073896_id-370.jpg,370,340
1035,073952_id-125.jpg,125,125
1036,074012_id-459.jpg,459,459
1037,074420_id-142.jpg,142,142
1038,074516_id-217.jpg,217,217
1039,074530_id-482.jpg,482,482
1040,074566_id-170.jpg,170,170
1041,074575_id-371.jpg,371,143
1042,074877_id-106.jpg,106,106
1043,074910_id-363.jpg,363,363
1044,074933_id-114.jpg,114,114
1045,075048_id-119.jpg,119,119
1046,075092_id-136.jpg,136,136
1047,075189_id-159.jpg,159,159
1048,075269_id-19.jpg,19,19
1049,075378_id-282.jpg,282,282
1050,075447_id-93.jpg,93,7
1051,075550_id-329.jpg,329,329
1052,075590_id-0.jpg,0,0
1053,075622_id-124.jpg,124,124
1054,075646_id-476.jpg,476,476
1055,075677_id-94.jpg,94,60
1056,075718_id-171.jpg,171,171
1057,075725_id-34.jpg,34,75
1058,075767_id-251.jpg,251,251
1059,075873_id-352.jpg,352,352
1060,075885_id-173.jpg,173,173
1061,075909_id-220.jpg,220,220
1062,076017_id-218.jpg,218,303
1063,076426_id-146.jpg,146,146
1064,076455_id-279.jpg,279,279
1065,076465_id-430.jpg,430,430
1066,076473_id-375.jpg,375,440
1067,076521_id-375.jpg,375,176
1068,076522_id-400.jpg,400,400
1069,076566_id-370.jpg,370,370
1070,076617_id-248.jpg,248,2
1071,076674_id-361.jpg,361,361
1072,076731_id-127.jpg,127,127
1073,076844_id-164.jpg,164,164
1074,077024_id-130.jpg,130,281
1075,077046_id-399.jpg,399,240
1076,077056_id-324.jpg,324,324
1077,077243_id-317.jpg,317,317
1078,077333_id-231.jpg,231,440
1079,077341_id-66.jpg,66,275
1080,077362_id-29.jpg,29,29
1081,077518_id-250.jpg,250,20
1082,077610_id-216.jpg,216,216
1083,077714_id-422.jpg,422,422
1084,077855_id-431.jpg,431,431
1085,077976_id-345.jpg,345,345
1086,078122_id-423.jpg,423,423
1087,078124_id-240.jpg,240,240
1088,078269_id-479.jpg,479,197
1089,078350_id-219.jpg,219,219
1090,078378_id-262.jpg,262,262
1091,078461_id-360.jpg,360,360
1092,078467_id-276.jpg,276,92
1093,078476_id-105.jpg,105,35
1094,078569_id-142.jpg,142,142
1095,078580_id-242.jpg,242,242
1096,078667_id-482.jpg,482,482
1097,078683_id-21.jpg,21,21
1098,078699_id-133.jpg,133,133
1099,078718_id-380.jpg,380,380
1100,078728_id-411.jpg,411,411
1101,078770_id-444.jpg,444,444
1102,078898_id-89.jpg,89,89
1103,078941_id-60.jpg,60,60
1104,078994_id-469.jpg,469,469
1105,079042_id-457.jpg,457,457
1106,079043_id-116.jpg,116,116
1107,079070_id-271.jpg,271,271
1108,079147_id-292.jpg,292,292
1109,079175_id-353.jpg,353,353
1110,079440_id-481.jpg,481,481
1111,079446_id-60.jpg,60,60
1112,079561_id-426.jpg,426,426
1113,079618_id-371.jpg,371,20
1114,079642_id-34.jpg,34,34
1115,079697_id-388.jpg,388,388
1116,079717_id-145.jpg,145,145
1117,079761_id-416.jpg,416,416
1118,079806_id-188.jpg,188,188
1119,079833_id-389.jpg,389,389
1120,079929_id-96.jpg,96,300
1121,080042_id-112.jpg,112,112
1122,080247_id-293.jpg,293,293
1123,080248_id-170.jpg,170,170
1124,080251_id-239.jpg,239,239
1125,080284_id-454.jpg,454,454
1126,080306_id-333.jpg,333,333
1127,080471_id-396.jpg,396,396
1128,080515_id-402.jpg,402,402
1129,080540_id-276.jpg,276,276
1130,080561_id-105.jpg,105,158
1131,080636_id-237.jpg,237,237
1132,080741_id-323.jpg,323,323
1133,080744_id-131.jpg,131,131
1134,080881_id-100.jpg,100,334
1135,080892_id-237.jpg,237,237
1136,081063_id-159.jpg,159,159
1137,081076_id-420.jpg,420,420
1138,081223_id-109.jpg,109,109
1139,081249_id-307.jpg,307,307
1140,081271_id-411.jpg,411,411
1141,081392_id-78.jpg,78,78
1142,081419_id-5.jpg,5,5
1143,081502_id-156.jpg,156,156
1144,081593_id-194.jpg,194,194
1145,081671_id-235.jpg,235,235
1146,081745_id-295.jpg,295,295
1147,081749_id-476.jpg,476,331
1148,081817_id-70.jpg,70,70
1149,081963_id-13.jpg,13,13
1150,081976_id-436.jpg,436,436
1151,081986_id-236.jpg,236,236
1152,081999_id-427.jpg,427,427
1153,082001_id-314.jpg,314,314
1154,082139_id-199.jpg,199,199
1155,082154_id-335.jpg,335,335
1156,082194_id-447.jpg,447,301
1157,082277_id-399.jpg,399,399
1158,082452_id-78.jpg,78,78
1159,082512_id-8.jpg,8,129
1160,082521_id-208.jpg,208,425
1161,082528_id-7.jpg,7,331
1162,082569_id-395.jpg,395,395
1163,082586_id-371.jpg,371,158
1164,082671_id-487.jpg,487,57
1165,082680_id-356.jpg,356,356
1166,082711_id-31.jpg,31,31
1167,082744_id-200.jpg,200,200
1168,082828_id-357.jpg,357,357
1169,082840_id-301.jpg,301,320
1170,082965_id-322.jpg,322,182
1171,083131_id-58.jpg,58,58
1172,083265_id-204.jpg,204,204
1173,083293_id-142.jpg,142,142
1174,083310_id-452.jpg,452,452
1175,083314_id-279.jpg,279,279
1176,083459_id-498.jpg,498,498
1177,083578_id-269.jpg,269,269
1178,083586_id-350.jpg,350,497
1179,083604_id-287.jpg,287,287
1180,083911_id-120.jpg,120,120
1181,083922_id-201.jpg,201,201
1182,084008_id-202.jpg,202,202
1183,084129_id-156.jpg,156,436
1184,084220_id-83.jpg,83,83
1185,084333_id-36.jpg,36,36
1186,084430_id-111.jpg,111,429
1187,084449_id-372.jpg,372,363
1188,084518_id-133.jpg,133,133
1189,084614_id-492.jpg,492,492
1190,084639_id-462.jpg,462,34
1191,084649_id-350.jpg,350,350
1192,084657_id-222.jpg,222,203
1193,084668_id-349.jpg,349,349
1194,084687_id-465.jpg,465,465
1195,084748_id-260.jpg,260,260
1196,084905_id-343.jpg,343,343
1197,084969_id-185.jpg,185,185
1198,085045_id-488.jpg,488,488
1199,085057_id-401.jpg,401,401
1200,085085_id-302.jpg,302,302
1201,085205_id-24.jpg,24,203
1202,085251_id-369.jpg,369,227
1203,085253_id-296.jpg,296,296
1204,085301_id-85.jpg,85,85
1205,085421_id-383.jpg,383,383
1206,085508_id-144.jpg,144,144
1207,085519_id-310.jpg,310,310
1208,085642_id-34.jpg,34,483
1209,085735_id-355.jpg,355,46
1210,085766_id-328.jpg,328,328
1211,085923_id-303.jpg,303,303
1212,085935_id-280.jpg,280,280
1213,085965_id-14.jpg,14,14
1214,086013_id-414.jpg,414,339
1215,086165_id-266.jpg,266,65
1216,086198_id-328.jpg,328,328
1217,086282_id-322.jpg,322,322
1218,086367_id-193.jpg,193,193
1219,086404_id-392.jpg,392,392
1220,086467_id-388.jpg,388,388
1221,086525_id-19.jpg,19,395
1222,086556_id-158.jpg,158,158
1223,086585_id-223.jpg,223,153
1224,086609_id-154.jpg,154,154
1225,086627_id-273.jpg,273,101
1226,086747_id-318.jpg,318,318
1227,086812_id-124.jpg,124,124
1228,086885_id-465.jpg,465,465
1229,086975_id-134.jpg,134,134
1230,087009_id-266.jpg,266,266
1231,087052_id-79.jpg,79,79
1232,087063_id-379.jpg,379,96
1233,087152_id-489.jpg,489,489
1234,087217_id-180.jpg,180,180
1235,087234_id-243.jpg,243,243
1236,087300_id-38.jpg,38,38
1237,087338_id-203.jpg,203,203
1238,087344_id-436.jpg,436,427
1239,087411_id-64.jpg,64,64
1240,087473_id-248.jpg,248,2
1241,087518_id-220.jpg,220,243
1242,087640_id-263.jpg,263,192
1243,087710_id-190.jpg,190,408
1244,087853_id-244.jpg,244,244
1245,088014_id-488.jpg,488,454
1246,088050_id-195.jpg,195,195
1247,088055_id-185.jpg,185,408
1248,088094_id-245.jpg,245,245
1249,088199_id-280.jpg,280,280
1250,088205_id-228.jpg,228,228
1251,088216_id-479.jpg,479,463
1252,088240_id-64.jpg,64,64
1253,088281_id-331.jpg,331,190
1254,088363_id-109.jpg,109,109
1255,088562_id-454.jpg,454,455
1256,088697_id-394.jpg,394,394
1257,088865_id-16.jpg,16,16
1258,088872_id-445.jpg,445,445
1259,088956_id-4.jpg,4,4
1260,088960_id-40.jpg,40,40
1261,089026_id-444.jpg,444,444
1262,089067_id-304.jpg,304,304
1263,089142_id-228.jpg,228,71
1264,089284_id-16.jpg,16,16
1265,089322_id-22.jpg,22,22
1266,089445_id-197.jpg,197,412
1267,089504_id-133.jpg,133,133
1268,089523_id-80.jpg,80,80
1269,089593_id-108.jpg,108,108
1270,089776_id-220.jpg,220,220
1271,089937_id-158.jpg,158,158
1272,089978_id-119.jpg,119,119
1273,090080_id-215.jpg,215,105
1274,090143_id-483.jpg,483,483
1275,090155_id-275.jpg,275,112
1276,090255_id-150.jpg,150,150
1277,090262_id-487.jpg,487,487
1278,090277_id-134.jpg,134,134
1279,090336_id-282.jpg,282,282
1280,090444_id-357.jpg,357,357
1281,090582_id-91.jpg,91,91
1282,090585_id-442.jpg,442,442
1283,090640_id-309.jpg,309,309
1284,090735_id-383.jpg,383,383
1285,090743_id-266.jpg,266,266
1286,090799_id-498.jpg,498,498
1287,090834_id-18.jpg,18,18
1288,090884_id-331.jpg,331,67
1289,090970_id-184.jpg,184,184
1290,091120_id-26.jpg,26,26
1291,091156_id-40.jpg,40,40
1292,091249_id-13.jpg,13,13
1293,091357_id-398.jpg,398,398
1294,091405_id-223.jpg,223,223
1295,091651_id-293.jpg,293,167
1296,091667_id-324.jpg,324,324
1297,091727_id-331.jpg,331,207
1298,091773_id-351.jpg,351,351
1299,091868_id-272.jpg,272,140
1300,091903_id-407.jpg,407,407
1301,091966_id-64.jpg,64,64
1302,091988_id-201.jpg,201,201
1303,092181_id-493.jpg,493,493
1304,092282_id-360.jpg,360,371
1305,092309_id-150.jpg,150,95
1306,092582_id-304.jpg,304,304
1307,092644_id-482.jpg,482,482
1308,092662_id-402.jpg,402,402
1309,092674_id-188.jpg,188,188
1310,092694_id-366.jpg,366,308
1311,092850_id-434.jpg,434,434
1312,092890_id-3.jpg,3,323
1313,092892_id-251.jpg,251,251
1314,092926_id-243.jpg,243,243
1315,092960_id-287.jpg,287,287
1316,092978_id-254.jpg,254,254
1317,092999_id-44.jpg,44,44
1318,093051_id-275.jpg,275,275
1319,093176_id-15.jpg,15,15
1320,093214_id-41.jpg,41,41
1321,093245_id-81.jpg,81,81
1322,093326_id-94.jpg,94,131
1323,093340_id-379.jpg,379,379
1324,093388_id-236.jpg,236,336
1325,093428_id-453.jpg,453,453
1326,093437_id-237.jpg,237,237
1327,093518_id-483.jpg,483,483
1328,093550_id-350.jpg,350,350
1329,093566_id-120.jpg,120,120
1330,093646_id-132.jpg,132,132
1331,093692_id-18.jpg,18,310
1332,093722_id-363.jpg,363,363
1333,093744_id-126.jpg,126,126
1334,093777_id-73.jpg,73,73
1335,093793_id-294.jpg,294,294
1336,093836_id-100.jpg,100,100
1337,093851_id-363.jpg,363,363
1338,093871_id-90.jpg,90,90
1339,093932_id-471.jpg,471,471
1340,094329_id-296.jpg,296,296
1341,094330_id-172.jpg,172,172
1342,094485_id-421.jpg,421,421
1343,094579_id-167.jpg,167,167
1344,094738_id-260.jpg,260,260
1345,094744_id-217.jpg,217,192
1346,094876_id-303.jpg,303,303
1347,094883_id-453.jpg,453,448
1348,094997_id-297.jpg,297,297
1349,095035_id-157.jpg,157,157
1350,095195_id-452.jpg,452,452
1351,095205_id-411.jpg,411,411
1352,095313_id-33.jpg,33,33
1353,095323_id-294.jpg,294,294
1354,095417_id-459.jpg,459,10
1355,095470_id-432.jpg,432,432
1356,095529_id-190.jpg,190,190
1357,095593_id-295.jpg,295,155
1358,095680_id-124.jpg,124,124
1359,095804_id-49.jpg,49,49
1360,095822_id-275.jpg,275,275
1361,095849_id-225.jpg,225,66
1362,095933_id-429.jpg,429,89
1363,096010_id-228.jpg,228,228
1364,096062_id-240.jpg,240,240
1365,096140_id-448.jpg,448,448
1366,096187_id-460.jpg,460,460
1367,096318_id-145.jpg,145,145
1368,096366_id-232.jpg,232,232
1369,096441_id-24.jpg,24,24
1370,096450_id-395.jpg,395,395
1371,096510_id-308.jpg,308,308
1372,096613_id-489.jpg,489,489
1373,096656_id-218.jpg,218,218
1374,096723_id-340.jpg,340,407
1375,096893_id-462.jpg,462,462
1376,096977_id-405.jpg,405,405
1377,097055_id-99.jpg,99,99
1378,097111_id-335.jpg,335,335
1379,097176_id-299.jpg,299,194
1380,097251_id-251.jpg,251,251
1381,097258_id-105.jpg,105,256
1382,097281_id-51.jpg,51,51
1383,097357_id-294.jpg,294,294
1384,097393_id-312.jpg,312,312
1385,097421_id-465.jpg,465,464
1386,097464_id-401.jpg,401,401
1387,097495_id-400.jpg,400,400
1388,097588_id-487.jpg,487,487
1389,097596_id-124.jpg,124,124
1390,097622_id-147.jpg,147,147
1391,097684_id-412.jpg,412,412
1392,097766_id-493.jpg,493,493
1393,097832_id-349.jpg,349,349
1394,097835_id-247.jpg,247,37
1395,097939_id-308.jpg,308,252
1396,098192_id-176.jpg,176,176
1397,098234_id-352.jpg,352,352
1398,098242_id-91.jpg,91,91
1399,098461_id-242.jpg,242,242
1400,098486_id-365.jpg,365,365
1401,098611_id-148.jpg,148,497
1402,098639_id-423.jpg,423,423
1403,098763_id-59.jpg,59,177
1404,098819_id-81.jpg,81,81
1405,098978_id-337.jpg,337,337
1406,099000_id-477.jpg,477,477
1407,099202_id-56.jpg,56,115
1408,099221_id-235.jpg,235,235
1409,099233_id-378.jpg,378,378
1410,099352_id-259.jpg,259,259
1411,099394_id-460.jpg,460,460
1412,099397_id-151.jpg,151,151
1413,099464_id-304.jpg,304,304
1414,099612_id-405.jpg,405,405
1415,099651_id-282.jpg,282,282
1416,099850_id-355.jpg,355,295
1417,100067_id-144.jpg,144,144
1418,100070_id-386.jpg,386,386
1419,100086_id-318.jpg,318,318
1420,100259_id-301.jpg,301,301
1421,100303_id-162.jpg,162,162
1422,100329_id-34.jpg,34,34
1423,100434_id-108.jpg,108,108
1424,100551_id-446.jpg,446,174
1425,100595_id-343.jpg,343,343
1426,100603_id-7.jpg,7,7
1427,100628_id-42.jpg,42,218
1428,100629_id-153.jpg,153,153
1429,100747_id-199.jpg,199,166
1430,100917_id-415.jpg,415,415
1431,100938_id-7.jpg,7,7
1432,100982_id-37.jpg,37,371
1433,101027_id-127.jpg,127,127
1434,101074_id-226.jpg,226,226
1435,101089_id-444.jpg,444,444
1436,101126_id-497.jpg,497,497
1437,101157_id-499.jpg,499,135
1438,101222_id-277.jpg,277,277
1439,101288_id-18.jpg,18,18
1440,101339_id-447.jpg,447,447
1441,101522_id-50.jpg,50,50
1442,101583_id-393.jpg,393,393
1443,101645_id-40.jpg,40,40
1444,101663_id-227.jpg,227,260
1445,101684_id-359.jpg,359,359
1446,101725_id-30.jpg,30,96
1447,101750_id-90.jpg,90,90
1448,101792_id-118.jpg,118,375
1449,101800_id-98.jpg,98,98
1450,101848_id-326.jpg,326,326
1451,102014_id-356.jpg,356,356
1452,102135_id-282.jpg,282,282
1453,102167_id-475.jpg,475,475
1454,102288_id-354.jpg,354,354
1455,102399_id-207.jpg,207,434
1456,102497_id-167.jpg,167,167
1457,102551_id-53.jpg,53,374
1458,102597_id-22.jpg,22,22
1459,102703_id-90.jpg,90,90
1460,102713_id-371.jpg,371,371
1461,102718_id-315.jpg,315,315
1462,102866_id-345.jpg,345,345
1463,102964_id-57.jpg,57,371
1464,103263_id-170.jpg,170,170
1465,103389_id-321.jpg,321,228
1466,103415_id-326.jpg,326,326
1467,103671_id-372.jpg,372,372
1468,103688_id-372.jpg,372,372
1469,103845_id-238.jpg,238,238
1470,103866_id-264.jpg,264,264
1471,103893_id-98.jpg,98,98
1472,103898_id-469.jpg,469,469
1473,104011_id-125.jpg,125,125
1474,104048_id-226.jpg,226,27
1475,104177_id-379.jpg,379,379
1476,104278_id-387.jpg,387,387
1477,104283_id-215.jpg,215,215
1478,104320_id-430.jpg,430,430
1479,104327_id-468.jpg,468,468
1480,104372_id-298.jpg,298,298
1481,104526_id-475.jpg,475,475
1482,104557_id-374.jpg,374,374
1483,104595_id-196.jpg,196,352
1484,104606_id-270.jpg,270,50
1485,104617_id-219.jpg,219,157
1486,104680_id-476.jpg,476,476
1487,104751_id-11.jpg,11,11
1488,104891_id-149.jpg,149,149
1489,104897_id-253.jpg,253,253
1490,104990_id-159.jpg,159,159
1491,104993_id-75.jpg,75,75
1492,105052_id-173.jpg,173,236
1493,105073_id-337.jpg,337,337
1494,105089_id-385.jpg,385,385
1495,105100_id-94.jpg,94,94
1496,105206_id-367.jpg,367,367
1497,105343_id-459.jpg,459,459
1498,105429_id-264.jpg,264,483
1499,105488_id-223.jpg,223,223
1500,105614_id-473.jpg,473,473
1501,105625_id-352.jpg,352,352
1502,105669_id-272.jpg,272,272
1503,105688_id-493.jpg,493,493
1504,105731_id-11.jpg,11,11
1505,105738_id-114.jpg,114,114
1506,105778_id-348.jpg,348,348
1507,105945_id-351.jpg,351,85
1508,105983_id-493.jpg,493,493
1509,106010_id-203.jpg,203,203
1510,106032_id-274.jpg,274,243
1511,106061_id-38.jpg,38,91
1512,106158_id-118.jpg,118,204
1513,106316_id-175.jpg,175,175
1514,106474_id-360.jpg,360,414
1515,106499_id-276.jpg,276,276
1516,106573_id-273.jpg,273,380
1517,106612_id-76.jpg,76,76
1518,106784_id-240.jpg,240,240
1519,106817_id-220.jpg,220,220
1520,106829_id-434.jpg,434,434
1521,106902_id-49.jpg,49,49
1522,106928_id-208.jpg,208,203
1523,107027_id-471.jpg,471,471
1524,107090_id-146.jpg,146,146
1525,107105_id-223.jpg,223,488
1526,107142_id-32.jpg,32,32
1527,107144_id-347.jpg,347,71
1528,107205_id-438.jpg,438,438
1529,107270_id-383.jpg,383,383
1530,107328_id-42.jpg,42,57
1531,107336_id-118.jpg,118,118
1532,107418_id-184.jpg,184,184
1533,107560_id-310.jpg,310,310
1534,107622_id-407.jpg,407,336
1535,107631_id-414.jpg,414,414
1536,107669_id-294.jpg,294,294
1537,107788_id-181.jpg,181,181
1538,107802_id-343.jpg,343,343
1539,107976_id-242.jpg,242,242
1540,108009_id-296.jpg,296,296
1541,108108_id-299.jpg,299,299
1542,108213_id-56.jpg,56,440
1543,108236_id-150.jpg,150,150
1544,108308_id-238.jpg,238,238
1545,108406_id-323.jpg,323,323
1546,108478_id-416.jpg,416,416
1547,108546_id-31.jpg,31,31
1548,108683_id-26.jpg,26,26
1549,108712_id-67.jpg,67,67
1550,108730_id-141.jpg,141,141
1551,108807_id-222.jpg,222,222
1552,108924_id-21.jpg,21,21
1553,108942_id-204.jpg,204,204
1554,108944_id-307.jpg,307,307
1555,109143_id-405.jpg,405,102
1556,109265_id-222.jpg,222,222
1557,109322_id-323.jpg,323,323
1558,109355_id-341.jpg,341,341
1559,109360_id-448.jpg,448,448
1560,109401_id-345.jpg,345,345
1561,109415_id-406.jpg,406,406
1562,109565_id-371.jpg,371,158
1563,109587_id-174.jpg,174,174
1564,109718_id-406.jpg,406,406
1565,109726_id-282.jpg,282,282
1566,109808_id-412.jpg,412,412
1567,109844_id-144.jpg,144,144
1568,109906_id-274.jpg,274,274
1569,109953_id-24.jpg,24,24
1570,109955_id-160.jpg,160,160
1571,110131_id-280.jpg,280,280
1572,110190_id-150.jpg,150,150
1573,110271_id-388.jpg,388,388
1574,110308_id-406.jpg,406,406
1575,110327_id-236.jpg,236,236
1576,110353_id-357.jpg,357,357
1577,110457_id-436.jpg,436,436
1578,110532_id-297.jpg,297,297
1579,110538_id-25.jpg,25,474
1580,110545_id-32.jpg,32,32
1581,110558_id-38.jpg,38,362
1582,110609_id-241.jpg,241,241
1583,110767_id-457.jpg,457,457
1584,111036_id-78.jpg,78,73
1585,111083_id-474.jpg,474,461
1586,111158_id-160.jpg,160,160
1587,111238_id-452.jpg,452,452
1588,111267_id-319.jpg,319,319
1589,111451_id-232.jpg,232,250
1590,111646_id-389.jpg,389,389
1591,111770_id-313.jpg,313,313
1592,111840_id-186.jpg,186,186
1593,111854_id-87.jpg,87,87
1594,111958_id-352.jpg,352,352
1595,112126_id-146.jpg,146,146
1596,112163_id-224.jpg,224,224
1597,112166_id-100.jpg,100,100
1598,112183_id-393.jpg,393,393
1599,112266_id-139.jpg,139,429
1600,112369_id-429.jpg,429,483
1601,112387_id-445.jpg,445,445
1602,112427_id-64.jpg,64,64
1603,112472_id-232.jpg,232,351
1604,112615_id-154.jpg,154,278
1605,112655_id-137.jpg,137,453
1606,112680_id-453.jpg,453,453
1607,112697_id-306.jpg,306,306
1608,112760_id-349.jpg,349,349
1609,112761_id-201.jpg,201,201
1610,112838_id-255.jpg,255,255
1611,112847_id-174.jpg,174,174
1612,112866_id-14.jpg,14,14
1613,112906_id-60.jpg,60,464
1614,113065_id-287.jpg,287,287
1615,113162_id-275.jpg,275,275
1616,113221_id-208.jpg,208,208
1617,113229_id-302.jpg,302,27
1618,113235_id-405.jpg,405,147
1619,113322_id-53.jpg,53,331
1620,113338_id-489.jpg,489,489
1621,113352_id-164.jpg,164,164
1622,113385_id-49.jpg,49,49
1623,113399_id-37.jpg,37,17
1624,113510_id-66.jpg,66,66
1625,113611_id-326.jpg,326,326
1626,113625_id-470.jpg,470,470
1627,114060_id-139.jpg,139,139
1628,114103_id-159.jpg,159,159
1629,114232_id-351.jpg,351,351
1630,114275_id-263.jpg,263,263
1631,114287_id-146.jpg,146,146
1632,114384_id-276.jpg,276,276
1633,114456_id-387.jpg,387,387
1634,114714_id-270.jpg,270,270
1635,114717_id-23.jpg,23,23
1636,114788_id-499.jpg,499,499
1637,114896_id-446.jpg,446,446
1638,115099_id-365.jpg,365,365
1639,115257_id-448.jpg,448,448
1640,115259_id-171.jpg,171,171
1641,115262_id-0.jpg,0,0
1642,115285_id-458.jpg,458,60
1643,115481_id-351.jpg,351,351
1644,115525_id-67.jpg,67,417
1645,115611_id-491.jpg,491,491
1646,115841_id-484.jpg,484,484
1647,115899_id-490.jpg,490,490
1648,115940_id-405.jpg,405,405
1649,115949_id-167.jpg,167,167
1650,116057_id-299.jpg,299,299
1651,116068_id-226.jpg,226,226
1652,116076_id-5.jpg,5,5
1653,116078_id-260.jpg,260,260
1654,116133_id-245.jpg,245,245
1655,116226_id-399.jpg,399,399
1656,116341_id-142.jpg,142,142
1657,116346_id-445.jpg,445,445
1658,116494_id-120.jpg,120,120
1659,116587_id-33.jpg,33,33
1660,116721_id-227.jpg,227,269
1661,116868_id-380.jpg,380,109
1662,116901_id-13.jpg,13,13
1663,116965_id-182.jpg,182,182
1664,116982_id-155.jpg,155,155
1665,117033_id-182.jpg,182,182
1666,117092_id-409.jpg,409,409
1667,117191_id-132.jpg,132,477
1668,117216_id-473.jpg,473,473
1669,117270_id-288.jpg,288,288
1670,117278_id-176.jpg,176,176
1671,117284_id-173.jpg,173,173
1672,117292_id-51.jpg,51,51
1673,117349_id-33.jpg,33,425
1674,117380_id-480.jpg,480,129
1675,117464_id-399.jpg,399,399
1676,117585_id-416.jpg,416,416
1677,117602_id-303.jpg,303,303
1678,117716_id-245.jpg,245,245
1679,117747_id-496.jpg,496,69
1680,117857_id-402.jpg,402,402
1681,117879_id-288.jpg,288,288
1682,117910_id-91.jpg,91,258
1683,118031_id-415.jpg,415,415
1684,118083_id-463.jpg,463,463
1685,118159_id-50.jpg,50,50
1686,118218_id-365.jpg,365,196
1687,118226_id-53.jpg,53,53
1688,118383_id-133.jpg,133,133
1689,118410_id-174.jpg,174,174
1690,118451_id-394.jpg,394,394
1691,118471_id-151.jpg,151,151
1692,118569_id-455.jpg,455,455
1693,118601_id-224.jpg,224,224
1694,118679_id-318.jpg,318,318
1695,118725_id-309.jpg,309,309
1696,118783_id-404.jpg,404,155
1697,118871_id-268.jpg,268,268
1698,118874_id-353.jpg,353,353
1699,119045_id-217.jpg,217,217
1700,119142_id-156.jpg,156,156
1701,119148_id-139.jpg,139,139
1702,119169_id-42.jpg,42,247
1703,119254_id-392.jpg,392,392
1704,119290_id-190.jpg,190,190
1705,119304_id-248.jpg,248,248
1706,119407_id-139.jpg,139,139
1707,119586_id-274.jpg,274,274
1708,119681_id-386.jpg,386,367
1709,119685_id-378.jpg,378,333
1710,119701_id-115.jpg,115,115
1711,119779_id-339.jpg,339,339
1712,119817_id-318.jpg,318,318
1713,119931_id-66.jpg,66,66
1714,120027_id-261.jpg,261,261
1715,120083_id-259.jpg,259,259
1716,120148_id-157.jpg,157,157
1717,120167_id-429.jpg,429,22
1718,120322_id-64.jpg,64,64
1719,120447_id-224.jpg,224,224
1720,120456_id-385.jpg,385,385
1721,120497_id-355.jpg,355,355
1722,120527_id-114.jpg,114,114
1723,120536_id-208.jpg,208,208
1724,120566_id-7.jpg,7,120
1725,120589_id-343.jpg,343,343
1726,120615_id-360.jpg,360,360
1727,120678_id-27.jpg,27,27
1728,120718_id-429.jpg,429,486
1729,120731_id-59.jpg,59,250
1730,120741_id-370.jpg,370,370
1731,120786_id-280.jpg,280,280
1732,120911_id-203.jpg,203,203
1733,120963_id-149.jpg,149,149
1734,120965_id-276.jpg,276,276
1735,120971_id-30.jpg,30,30
1736,120979_id-469.jpg,469,469
1737,121066_id-452.jpg,452,452
1738,121281_id-442.jpg,442,442
1739,121571_id-186.jpg,186,186
1740,121583_id-244.jpg,244,244
1741,121658_id-386.jpg,386,386
1742,121746_id-11.jpg,11,11
1743,122016_id-4.jpg,4,46
1744,122022_id-32.jpg,32,32
1745,122040_id-392.jpg,392,392
1746,122057_id-491.jpg,491,218
1747,122085_id-96.jpg,96,96
1748,122124_id-499.jpg,499,499
1749,122216_id-75.jpg,75,75
1750,122227_id-390.jpg,390,390
1751,122317_id-87.jpg,87,87
1752,122619_id-383.jpg,383,383
1753,122687_id-172.jpg,172,172
1754,122709_id-418.jpg,418,393
1755,122728_id-298.jpg,298,298
1756,122978_id-87.jpg,87,87
1757,123067_id-238.jpg,238,238
1758,123072_id-182.jpg,182,182
1759,123304_id-434.jpg,434,434
1760,123331_id-340.jpg,340,125
1761,123464_id-148.jpg,148,148
1762,123532_id-306.jpg,306,306
1763,123568_id-300.jpg,300,96
1764,123594_id-367.jpg,367,377
1765,123680_id-357.jpg,357,357
1766,123698_id-245.jpg,245,245
1767,123814_id-330.jpg,330,330
1768,123841_id-64.jpg,64,64
1769,123964_id-98.jpg,98,98
1770,124162_id-207.jpg,207,207
1771,124203_id-66.jpg,66,66
1772,124276_id-13.jpg,13,13
1773,124295_id-390.jpg,390,390
1774,124502_id-160.jpg,160,18
1775,124555_id-192.jpg,192,192
1776,124616_id-247.jpg,247,247
1777,124630_id-79.jpg,79,371
1778,124632_id-14.jpg,14,14
1779,124707_id-32.jpg,32,32
1780,124741_id-273.jpg,273,273
1781,124842_id-389.jpg,389,389
1782,124843_id-157.jpg,157,278
1783,124845_id-304.jpg,304,304
1784,124895_id-61.jpg,61,195
1785,124965_id-344.jpg,344,481
1786,125173_id-138.jpg,138,324
1787,125241_id-489.jpg,489,489
1788,125325_id-388.jpg,388,301
1789,125415_id-367.jpg,367,367
1790,125442_id-233.jpg,233,117
1791,125510_id-255.jpg,255,255
1792,125537_id-462.jpg,462,462
1793,125551_id-460.jpg,460,460
1794,125607_id-19.jpg,19,19
1795,125641_id-464.jpg,464,464
1796,125666_id-86.jpg,86,86
1797,125706_id-329.jpg,329,329
1798,125768_id-414.jpg,414,414
1799,125781_id-221.jpg,221,221
1800,125936_id-181.jpg,181,93
1801,126071_id-483.jpg,483,483
1802,126122_id-231.jpg,231,231
1803,126329_id-164.jpg,164,164
1804,126484_id-329.jpg,329,329
1805,126485_id-172.jpg,172,172
1806,126504_id-357.jpg,357,357
1807,126515_id-188.jpg,188,188
1808,126521_id-25.jpg,25,249
1809,126538_id-454.jpg,454,454
1810,126546_id-423.jpg,423,423
1811,126569_id-359.jpg,359,359
1812,126686_id-402.jpg,402,402
1813,126752_id-454.jpg,454,454
1814,126957_id-151.jpg,151,151
1815,127066_id-426.jpg,426,426
1816,127083_id-320.jpg,320,312
1817,127299_id-455.jpg,455,455
1818,127352_id-418.jpg,418,232
1819,127420_id-226.jpg,226,226
1820,127493_id-496.jpg,496,496
1821,127581_id-329.jpg,329,50
1822,127605_id-117.jpg,117,117
1823,127689_id-59.jpg,59,165
1824,127718_id-44.jpg,44,44
1825,127855_id-319.jpg,319,319
1826,128027_id-35.jpg,35,35
1827,128250_id-156.jpg,156,156
1828,128259_id-413.jpg,413,413
1829,128346_id-4.jpg,4,4
1830,128357_id-330.jpg,330,330
1831,128413_id-426.jpg,426,426
1832,128545_id-411.jpg,411,411
1833,128576_id-424.jpg,424,424
1834,128578_id-16.jpg,16,188
1835,128607_id-254.jpg,254,254
1836,128644_id-484.jpg,484,484
1837,128662_id-312.jpg,312,312
1838,128744_id-80.jpg,80,80
1839,129035_id-322.jpg,322,322
1840,129048_id-490.jpg,490,490
1841,129080_id-383.jpg,383,379
1842,129282_id-50.jpg,50,50
1843,129301_id-70.jpg,70,330
1844,129479_id-492.jpg,492,492
1845,129621_id-134.jpg,134,134
1846,129772_id-401.jpg,401,401
1847,129777_id-347.jpg,347,347
1848,129827_id-279.jpg,279,279
1849,129939_id-223.jpg,223,223
1850,130069_id-48.jpg,48,48
1851,130076_id-424.jpg,424,424
1852,130111_id-207.jpg,207,464
1853,130146_id-44.jpg,44,44
1854,130175_id-390.jpg,390,390
1855,130260_id-456.jpg,456,456
1856,130384_id-168.jpg,168,168
1857,130423_id-481.jpg,481,481
1858,130564_id-53.jpg,53,243
1859,130606_id-264.jpg,264,264
1860,130621_id-119.jpg,119,218
1861,130654_id-112.jpg,112,112
1862,130765_id-456.jpg,456,456
1863,130810_id-381.jpg,381,381
1864,130849_id-5.jpg,5,5
1865,130886_id-320.jpg,320,446
1866,130919_id-59.jpg,59,59
1867,130931_id-325.jpg,325,325
1868,130940_id-259.jpg,259,259
1869,130957_id-365.jpg,365,365
1870,130993_id-268.jpg,268,268
1871,131137_id-492.jpg,492,492
1872,131143_id-180.jpg,180,180
1873,131285_id-261.jpg,261,261
1874,131374_id-59.jpg,59,59
1875,131422_id-359.jpg,359,297
1876,131606_id-446.jpg,446,446
1877,131620_id-3.jpg,3,3
1878,131758_id-241.jpg,241,18
1879,131818_id-184.jpg,184,220
1880,131835_id-191.jpg,191,191
1881,131881_id-231.jpg,231,337
1882,131925_id-459.jpg,459,459
1883,132022_id-492.jpg,492,127
1884,132079_id-117.jpg,117,117
1885,132167_id-27.jpg,27,27
1886,132169_id-277.jpg,277,417
1887,132188_id-318.jpg,318,318
1888,132206_id-105.jpg,105,35
1889,132275_id-203.jpg,203,203
1890,132326_id-84.jpg,84,84
1891,132407_id-430.jpg,430,430
1892,132473_id-33.jpg,33,33
1893,132593_id-141.jpg,141,141
1894,132601_id-73.jpg,73,73
1895,132627_id-317.jpg,317,484
1896,132683_id-195.jpg,195,482
1897,132794_id-194.jpg,194,194
1898,132827_id-137.jpg,137,9
1899,132831_id-179.jpg,179,83
1900,132861_id-306.jpg,306,311
1901,132907_id-58.jpg,58,58
1902,132922_id-354.jpg,354,354
1903,132935_id-127.jpg,127,58
1904,132938_id-292.jpg,292,292
1905,132946_id-34.jpg,34,295
1906,132977_id-216.jpg,216,216
1907,133116_id-479.jpg,479,479
1908,133161_id-307.jpg,307,307
1909,133172_id-100.jpg,100,100
1910,133355_id-362.jpg,362,362
1911,133391_id-481.jpg,481,228
1912,133410_id-348.jpg,348,348
1913,133534_id-219.jpg,219,219
1914,133655_id-349.jpg,349,232
1915,133751_id-113.jpg,113,113
1916,133836_id-279.jpg,279,279
1917,133839_id-471.jpg,471,186
1918,133932_id-200.jpg,200,200
1919,134010_id-125.jpg,125,340
1920,134011_id-467.jpg,467,467
1921,134104_id-237.jpg,237,46
1922,134173_id-457.jpg,457,457
1923,134206_id-223.jpg,223,346
1924,134303_id-307.jpg,307,307
1925,134529_id-144.jpg,144,144
1926,134748_id-354.jpg,354,354
1927,134767_id-98.jpg,98,98
1928,134904_id-375.jpg,375,375
1929,135017_id-319.jpg,319,319
1930,135222_id-262.jpg,262,262
1931,135330_id-356.jpg,356,356
1932,135594_id-464.jpg,464,464
1933,135623_id-137.jpg,137,137
1934,135929_id-314.jpg,314,314
1935,135961_id-400.jpg,400,55
1936,136002_id-31.jpg,31,31
1937,136095_id-498.jpg,498,498
1938,136105_id-96.jpg,96,96
1939,136128_id-84.jpg,84,84
1940,136169_id-432.jpg,432,432
1941,136259_id-141.jpg,141,58
1942,136273_id-70.jpg,70,70
1943,136321_id-181.jpg,181,366
1944,136339_id-202.jpg,202,202
1945,136497_id-3.jpg,3,3
1946,136567_id-91.jpg,91,91
1947,136644_id-52.jpg,52,464
1948,136674_id-497.jpg,497,469
1949,136814_id-448.jpg,448,448
1950,136839_id-232.jpg,232,259
1951,136954_id-297.jpg,297,297
1952,137041_id-67.jpg,67,67
1953,137194_id-432.jpg,432,432
1954,137253_id-242.jpg,242,242
1955,137361_id-91.jpg,91,200
1956,137421_id-293.jpg,293,293
1957,137479_id-310.jpg,310,310
1958,137529_id-110.jpg,110,232
1959,137568_id-134.jpg,134,134
1960,137571_id-307.jpg,307,307
1961,137587_id-116.jpg,116,116
1962,137595_id-321.jpg,321,321
1963,137629_id-352.jpg,352,352
1964,137633_id-233.jpg,233,233
1965,137697_id-141.jpg,141,141
1966,137737_id-155.jpg,155,477
1967,137773_id-168.jpg,168,496
1968,137786_id-422.jpg,422,422
1969,137867_id-482.jpg,482,482
1970,137905_id-170.jpg,170,170
1971,137908_id-499.jpg,499,97
1972,137928_id-83.jpg,83,83
1973,137983_id-356.jpg,356,160
1974,138034_id-467.jpg,467,467
1975,138155_id-103.jpg,103,103
1976,138229_id-244.jpg,244,244
1977,138382_id-499.jpg,499,414
1978,138412_id-320.jpg,320,320
1979,138502_id-274.jpg,274,274
1980,138538_id-439.jpg,439,439
1981,138647_id-300.jpg,300,466
1982,138672_id-259.jpg,259,259
1983,138682_id-19.jpg,19,19
1984,138735_id-89.jpg,89,89
1985,138754_id-148.jpg,148,148
1986,138777_id-350.jpg,350,497
1987,138803_id-425.jpg,425,425
1988,138988_id-25.jpg,25,218
1989,139133_id-150.jpg,150,150
1990,139191_id-229.jpg,229,445
1991,139333_id-192.jpg,192,192
1992,139422_id-7.jpg,7,7
1993,139474_id-139.jpg,139,139
1994,139521_id-409.jpg,409,409
1995,139542_id-407.jpg,407,225
1996,139549_id-9.jpg,9,229
1997,139576_id-302.jpg,302,218
1998,139617_id-154.jpg,154,154
1999,139644_id-176.jpg,176,176
2000,139767_id-305.jpg,305,305
2001,139849_id-201.jpg,201,201
2002,139902_id-308.jpg,308,10
2003,140011_id-44.jpg,44,44
2004,140053_id-98.jpg,98,98
2005,140154_id-321.jpg,321,321
2006,140253_id-423.jpg,423,423
2007,140281_id-254.jpg,254,168
2008,140325_id-148.jpg,148,148
2009,140366_id-295.jpg,295,295
2010,140422_id-126.jpg,126,126
2011,140445_id-305.jpg,305,305
2012,140460_id-341.jpg,341,107
2013,140474_id-471.jpg,471,471
2014,140507_id-60.jpg,60,60
2015,140641_id-415.jpg,415,415
2016,140719_id-22.jpg,22,22
2017,140889_id-103.jpg,103,399
2018,141097_id-78.jpg,78,78
2019,141192_id-199.jpg,199,199
2020,141202_id-337.jpg,337,337
2021,141543_id-3.jpg,3,3
2022,141593_id-75.jpg,75,75
2023,141764_id-76.jpg,76,76
2024,141874_id-476.jpg,476,458
2025,141887_id-398.jpg,398,398
2026,141921_id-271.jpg,271,271
2027,141959_id-106.jpg,106,106
2028,142024_id-113.jpg,113,23
2029,142101_id-175.jpg,175,157
2030,142115_id-427.jpg,427,427
2031,142340_id-156.jpg,156,156
2032,142373_id-399.jpg,399,399
2033,142463_id-75.jpg,75,477
2034,142573_id-408.jpg,408,408
2035,142599_id-454.jpg,454,454
2036,142641_id-4.jpg,4,34
2037,142660_id-172.jpg,172,172
2038,142763_id-127.jpg,127,127
2039,142887_id-267.jpg,267,267
2040,142896_id-214.jpg,214,214
2041,142926_id-460.jpg,460,460
2042,142998_id-383.jpg,383,383
2043,143057_id-311.jpg,311,311
2044,143115_id-454.jpg,454,454
2045,143228_id-184.jpg,184,184
2046,143365_id-98.jpg,98,98
2047,143419_id-457.jpg,457,457
2048,143493_id-467.jpg,467,467
2049,143686_id-53.jpg,53,485
2050,143702_id-475.jpg,475,475
2051,143769_id-93.jpg,93,93
2052,143812_id-306.jpg,306,306
2053,143856_id-365.jpg,365,365
2054,143893_id-333.jpg,333,333
2055,143974_id-168.jpg,168,168
2056,143990_id-22.jpg,22,22
2057,144252_id-36.jpg,36,36
2058,144279_id-15.jpg,15,15
2059,144366_id-445.jpg,445,445
2060,144384_id-239.jpg,239,239
2061,144392_id-126.jpg,126,126
2062,144420_id-303.jpg,303,303
2063,144441_id-181.jpg,181,181
2064,144496_id-457.jpg,457,457
2065,144598_id-421.jpg,421,421
2066,144703_id-343.jpg,343,343
2067,144866_id-236.jpg,236,236
2068,144884_id-381.jpg,381,381
2069,144889_id-439.jpg,439,439
2070,144986_id-90.jpg,90,90
2071,145008_id-195.jpg,195,195
2072,145048_id-361.jpg,361,231
2073,145102_id-287.jpg,287,287
2074,145434_id-337.jpg,337,337
2075,145551_id-130.jpg,130,130
2076,145594_id-409.jpg,409,208
2077,145606_id-149.jpg,149,149
2078,145681_id-389.jpg,389,389
2079,145722_id-4.jpg,4,4
2080,145746_id-271.jpg,271,271
2081,145767_id-219.jpg,219,219
2082,145869_id-404.jpg,404,446
2083,145917_id-157.jpg,157,157
2084,145919_id-196.jpg,196,196
2085,146134_id-21.jpg,21,21
2086,146280_id-314.jpg,314,314
2087,146325_id-218.jpg,218,341
2088,146333_id-4.jpg,4,4
2089,146345_id-9.jpg,9,9
2090,146354_id-59.jpg,59,59
2091,146542_id-393.jpg,393,393
2092,146543_id-482.jpg,482,429
2093,146557_id-385.jpg,385,385
2094,146571_id-491.jpg,491,122
2095,146588_id-464.jpg,464,461
2096,146626_id-408.jpg,408,408
2097,146714_id-287.jpg,287,287
2098,146732_id-269.jpg,269,129
2099,146780_id-393.jpg,393,393
2100,146927_id-226.jpg,226,226
2101,146975_id-138.jpg,138,138
2102,147027_id-122.jpg,122,122
2103,147205_id-42.jpg,42,42
2104,147311_id-35.jpg,35,105
2105,147316_id-238.jpg,238,238
2106,147354_id-85.jpg,85,85
2107,147413_id-277.jpg,277,191
2108,147424_id-58.jpg,58,58
2109,147456_id-489.jpg,489,489
2110,147634_id-380.jpg,380,380
2111,147689_id-425.jpg,425,425
2112,147738_id-235.jpg,235,235
2113,147739_id-60.jpg,60,232
2114,147766_id-467.jpg,467,403
2115,147798_id-489.jpg,489,489
2116,147831_id-23.jpg,23,23
2117,147866_id-179.jpg,179,179
2118,147940_id-132.jpg,132,132
2119,148051_id-344.jpg,344,344
2120,148055_id-436.jpg,436,388
2121,148095_id-480.jpg,480,322
2122,148282_id-79.jpg,79,141
2123,148292_id-399.jpg,399,399
2124,148376_id-36.jpg,36,36
2125,148412_id-111.jpg,111,356
2126,148457_id-310.jpg,310,310
2127,148525_id-141.jpg,141,141
2128,148575_id-171.jpg,171,171
2129,148581_id-324.jpg,324,153
2130,148618_id-130.jpg,130,130
2131,148678_id-51.jpg,51,51
2132,148704_id-468.jpg,468,412
2133,148725_id-14.jpg,14,419
2134,148807_id-314.jpg,314,314
2135,148863_id-458.jpg,458,458
2136,148880_id-282.jpg,282,282
2137,148893_id-240.jpg,240,240
2138,148926_id-480.jpg,480,480
2139,149460_id-153.jpg,153,153
2140,149516_id-122.jpg,122,122
2141,149632_id-380.jpg,380,185
2142,149679_id-204.jpg,204,204
2143,149685_id-298.jpg,298,298
2144,150126_id-48.jpg,48,48
2145,150135_id-387.jpg,387,387
2146,150309_id-199.jpg,199,356
2147,150346_id-296.jpg,296,296
2148,150351_id-416.jpg,416,416
2149,150476_id-421.jpg,421,421
2150,150493_id-29.jpg,29,29
2151,150516_id-337.jpg,337,337
2152,150590_id-37.jpg,37,37
2153,150637_id-125.jpg,125,125
2154,150720_id-66.jpg,66,285
2155,150768_id-105.jpg,105,158
2156,150809_id-474.jpg,474,331
2157,150839_id-363.jpg,363,363
2158,150905_id-0.jpg,0,0
2159,150919_id-385.jpg,385,385
2160,150952_id-301.jpg,301,301
2161,150961_id-36.jpg,36,36
2162,151068_id-197.jpg,197,197
2163,151091_id-44.jpg,44,317
2164,151178_id-43.jpg,43,43
2165,151287_id-406.jpg,406,406
2166,151326_id-197.jpg,197,197
2167,151362_id-221.jpg,221,221
2168,151368_id-191.jpg,191,191
2169,151411_id-295.jpg,295,295
2170,151435_id-255.jpg,255,255
2171,151473_id-345.jpg,345,345
2172,151588_id-340.jpg,340,340
2173,151602_id-250.jpg,250,250
2174,151608_id-237.jpg,237,237
2175,151687_id-56.jpg,56,56
2176,151735_id-273.jpg,273,273
2177,151802_id-420.jpg,420,420
2178,151806_id-474.jpg,474,331
2179,151812_id-420.jpg,420,420
2180,151863_id-87.jpg,87,87
2181,151993_id-388.jpg,388,388
2182,152014_id-153.jpg,153,409
2183,152015_id-283.jpg,283,184
2184,152140_id-116.jpg,116,116
2185,152268_id-243.jpg,243,331
2186,152295_id-375.jpg,375,375
2187,152316_id-421.jpg,421,421
2188,152373_id-193.jpg,193,165
2189,152411_id-167.jpg,167,167
2190,152589_id-464.jpg,464,465
2191,152598_id-344.jpg,344,344
2192,152630_id-89.jpg,89,247
2193,152713_id-490.jpg,490,192
2194,152858_id-385.jpg,385,385
2195,152893_id-247.jpg,247,247
2196,152923_id-115.jpg,115,115
2197,152984_id-467.jpg,467,429
2198,153057_id-396.jpg,396,396
2199,153060_id-425.jpg,425,425
2200,153139_id-337.jpg,337,337
2201,153159_id-313.jpg,313,313
2202,153236_id-41.jpg,41,41
2203,153361_id-463.jpg,463,236
2204,153394_id-94.jpg,94,94
2205,153425_id-93.jpg,93,93
2206,153450_id-65.jpg,65,65
2207,153601_id-443.jpg,443,443
2208,153846_id-481.jpg,481,481
2209,153890_id-132.jpg,132,132
2210,153916_id-406.jpg,406,406
2211,153917_id-455.jpg,455,455
2212,153949_id-317.jpg,317,317
2213,154031_id-227.jpg,227,348
2214,154061_id-400.jpg,400,400
2215,154337_id-23.jpg,23,23
2216,154370_id-103.jpg,103,103
2217,154385_id-331.jpg,331,486
2218,154423_id-168.jpg,168,168
2219,154465_id-147.jpg,147,147
2220,154498_id-25.jpg,25,236
2221,154525_id-235.jpg,235,235
2222,154548_id-393.jpg,393,393
2223,154911_id-473.jpg,473,473
2224,155033_id-393.jpg,393,393
2225,155126_id-75.jpg,75,75
2226,155232_id-33.jpg,33,33
2227,155270_id-272.jpg,272,272
2228,155315_id-321.jpg,321,321
2229,155351_id-70.jpg,70,70
2230,155422_id-194.jpg,194,194
2231,155424_id-112.jpg,112,112
2232,155488_id-359.jpg,359,359
2233,155508_id-267.jpg,267,165
2234,155567_id-182.jpg,182,182
2235,155581_id-389.jpg,389,389
2236,155608_id-145.jpg,145,203
2237,155628_id-247.jpg,247,247
2238,155633_id-171.jpg,171,171
2239,155648_id-390.jpg,390,390
2240,155696_id-112.jpg,112,112
2241,155698_id-333.jpg,333,333
2242,155933_id-31.jpg,31,31
2243,156044_id-484.jpg,484,484
2244,156163_id-311.jpg,311,311
2245,156217_id-295.jpg,295,197
2246,156227_id-41.jpg,41,41
2247,156310_id-21.jpg,21,21
2248,156364_id-7.jpg,7,7
2249,156368_id-221.jpg,221,221
2250,156370_id-309.jpg,309,179
2251,156516_id-304.jpg,304,281
2252,156527_id-412.jpg,412,412
2253,156859_id-259.jpg,259,259
2254,156870_id-145.jpg,145,145
2255,156943_id-85.jpg,85,85
2256,156951_id-48.jpg,48,48
2257,157100_id-237.jpg,237,237
2258,157195_id-248.jpg,248,248
2259,157207_id-38.jpg,38,38
2260,157231_id-413.jpg,413,413
2261,157235_id-57.jpg,57,232
2262,157237_id-113.jpg,113,113
2263,157520_id-141.jpg,141,141
2264,157555_id-413.jpg,413,389
2265,157565_id-468.jpg,468,30
2266,157622_id-144.jpg,144,144
2267,157713_id-221.jpg,221,221
2268,157921_id-299.jpg,299,299
2269,157953_id-335.jpg,335,335
2270,158133_id-387.jpg,387,387
2271,158153_id-136.jpg,136,136
2272,158162_id-30.jpg,30,30
2273,158268_id-418.jpg,418,110
2274,158381_id-401.jpg,401,401
2275,158537_id-136.jpg,136,136
2276,158549_id-430.jpg,430,430
2277,158677_id-96.jpg,96,96
2278,158713_id-151.jpg,151,151
2279,158755_id-390.jpg,390,390
2280,158791_id-43.jpg,43,43
2281,158805_id-328.jpg,328,328
2282,158823_id-120.jpg,120,120
2283,158855_id-115.jpg,115,115
2284,158906_id-50.jpg,50,50
2285,158919_id-50.jpg,50,50
2286,158964_id-385.jpg,385,385
2287,159053_id-292.jpg,292,292
2288,159196_id-273.jpg,273,273
2289,159254_id-24.jpg,24,194
2290,159280_id-240.jpg,240,240
2291,159344_id-106.jpg,106,106
2292,159427_id-418.jpg,418,418
2293,159507_id-239.jpg,239,239
2294,159548_id-314.jpg,314,312
2295,159551_id-266.jpg,266,266
2296,159608_id-388.jpg,388,367
2297,159612_id-168.jpg,168,168
2298,159650_id-138.jpg,138,138
2299,159681_id-241.jpg,241,219
2300,159710_id-425.jpg,425,425
2301,159812_id-456.jpg,456,315
2302,159881_id-51.jpg,51,51
2303,159913_id-188.jpg,188,188
2304,160108_id-83.jpg,83,185
2305,160125_id-474.jpg,474,474
2306,160162_id-381.jpg,381,381
2307,160221_id-37.jpg,37,37
2308,160266_id-339.jpg,339,339
2309,160272_id-380.jpg,380,380
2310,160437_id-99.jpg,99,99
2311,160551_id-83.jpg,83,83
2312,160557_id-122.jpg,122,122
2313,160613_id-111.jpg,111,111
2314,160794_id-313.jpg,313,299
2315,160845_id-155.jpg,155,458
2316,160851_id-18.jpg,18,53
2317,160917_id-81.jpg,81,81
2318,160933_id-329.jpg,329,329
2319,160998_id-52.jpg,52,52
2320,161088_id-390.jpg,390,390
2321,161113_id-26.jpg,26,26
2322,161192_id-269.jpg,269,269
2323,161227_id-359.jpg,359,359
2324,161289_id-231.jpg,231,228
2325,161371_id-424.jpg,424,424
2326,161411_id-255.jpg,255,255
2327,161593_id-351.jpg,351,482
2328,161748_id-292.jpg,292,292
2329,161901_id-350.jpg,350,349
2330,161960_id-277.jpg,277,277
2331,162046_id-255.jpg,255,255
2332,162095_id-455.jpg,455,455
2333,162195_id-269.jpg,269,269
2334,162197_id-492.jpg,492,492
2335,162344_id-292.jpg,292,292
2336,162430_id-434.jpg,434,434
2337,162531_id-195.jpg,195,195
2338,162608_id-159.jpg,159,159
2339,162812_id-39.jpg,39,39
2340,162852_id-82.jpg,82,82
2341,162915_id-69.jpg,69,69
2342,162931_id-101.jpg,101,464
2343,163064_id-485.jpg,485,485
2344,163106_id-435.jpg,435,435
2345,163143_id-209.jpg,209,171
2346,163173_id-140.jpg,140,140
2347,163188_id-334.jpg,334,334
2348,163246_id-206.jpg,206,206
2349,163267_id-209.jpg,209,209
2350,163270_id-39.jpg,39,39
2351,163274_id-74.jpg,74,131
2352,163390_id-265.jpg,265,265
2353,163535_id-285.jpg,285,285
2354,163559_id-278.jpg,278,464
2355,163648_id-211.jpg,211,211
2356,163697_id-77.jpg,77,77
2357,163700_id-28.jpg,28,28
2358,163808_id-183.jpg,183,183
2359,163814_id-419.jpg,419,419
2360,163942_id-428.jpg,428,428
2361,163975_id-74.jpg,74,74
2362,163982_id-12.jpg,12,12
2363,163998_id-485.jpg,485,485
2364,164008_id-466.jpg,466,15
2365,164087_id-368.jpg,368,86
2366,164140_id-368.jpg,368,294
2367,164209_id-101.jpg,101,429
2368,164262_id-472.jpg,472,472
2369,164406_id-82.jpg,82,82
2370,164422_id-256.jpg,256,256
2371,164488_id-435.jpg,435,435
2372,164508_id-46.jpg,46,403
2373,164520_id-257.jpg,257,257
2374,164553_id-377.jpg,377,425
2375,164593_id-494.jpg,494,494
2376,164627_id-368.jpg,368,26
2377,164750_id-209.jpg,209,209
2378,164751_id-45.jpg,45,45
2379,164789_id-256.jpg,256,256
2380,164791_id-384.jpg,384,384
2381,164828_id-342.jpg,342,342
2382,164839_id-433.jpg,433,433
2383,164860_id-285.jpg,285,285
2384,164865_id-1.jpg,1,1
2385,165014_id-472.jpg,472,472
2386,165032_id-376.jpg,376,376
2387,165037_id-2.jpg,2,378
2388,165041_id-440.jpg,440,440
2389,165056_id-74.jpg,74,201
2390,165066_id-135.jpg,135,118
2391,165096_id-183.jpg,183,183
2392,165114_id-397.jpg,397,20
2393,165115_id-183.jpg,183,183
2394,165200_id-257.jpg,257,257
2395,165275_id-123.jpg,123,123
2396,165286_id-342.jpg,342,342
2397,165318_id-63.jpg,63,63
2398,165339_id-285.jpg,285,285
2399,165365_id-327.jpg,327,327
2400,165454_id-472.jpg,472,472
2401,165539_id-278.jpg,278,441
2402,165558_id-382.jpg,382,382
2403,165663_id-417.jpg,417,417
2404,165670_id-377.jpg,377,377
2405,165801_id-466.jpg,466,466
2406,165814_id-368.jpg,368,368
2407,165887_id-135.jpg,135,135
2408,165896_id-12.jpg,12,12
2409,165930_id-12.jpg,12,12
2410,165947_id-63.jpg,63,63
2411,165990_id-234.jpg,234,234
2412,166001_id-46.jpg,46,46
2413,166003_id-63.jpg,63,63
2414,166013_id-435.jpg,435,435
2415,166068_id-104.jpg,104,104
2416,166122_id-397.jpg,397,397
2417,166163_id-441.jpg,441,441
2418,166234_id-466.jpg,466,466
2419,166259_id-419.jpg,419,106
2420,166320_id-123.jpg,123,123
2421,166327_id-265.jpg,265,265
2422,166342_id-135.jpg,135,135
2423,166437_id-376.jpg,376,376
2424,166519_id-397.jpg,397,397
2425,166530_id-494.jpg,494,494
2426,166758_id-334.jpg,334,334
2427,166962_id-494.jpg,494,494
2428,166972_id-373.jpg,373,373
2429,167022_id-327.jpg,327,327
2430,167074_id-257.jpg,257,257
2431,167085_id-472.jpg,472,472
2432,167111_id-376.jpg,376,376
2433,167177_id-417.jpg,417,417
2434,167218_id-486.jpg,486,486
2435,167258_id-485.jpg,485,220
2436,167338_id-417.jpg,417,133
2437,167377_id-104.jpg,104,104
2438,167427_id-334.jpg,334,334
2439,167527_id-97.jpg,97,97
2440,167633_id-265.jpg,265,265
2441,167639_id-63.jpg,63,63
2442,167662_id-102.jpg,102,102
2443,167680_id-28.jpg,28,28
2444,167692_id-211.jpg,211,211
2445,167704_id-213.jpg,213,213
2446,167773_id-123.jpg,123,123
2447,167808_id-55.jpg,55,55
2448,167883_id-433.jpg,433,433
2449,167889_id-12.jpg,12,12
2450,167932_id-69.jpg,69,348
2451,167973_id-486.jpg,486,378
2452,168061_id-20.jpg,20,417
2453,168199_id-428.jpg,428,428
2454,168204_id-419.jpg,419,419
2455,168253_id-123.jpg,123,123
2456,168270_id-433.jpg,433,433
2457,168322_id-441.jpg,441,441
2458,168499_id-441.jpg,441,441
2459,168511_id-123.jpg,123,15
2460,168716_id-494.jpg,494,494
2461,169083_id-327.jpg,327,327
2462,169132_id-450.jpg,450,450
2463,169146_id-71.jpg,71,71
2464,169198_id-246.jpg,246,246
2465,169212_id-71.jpg,71,71
2466,169253_id-334.jpg,334,334
2467,169274_id-206.jpg,206,206
2468,169300_id-63.jpg,63,63
2469,169332_id-1.jpg,1,1
2470,169443_id-382.jpg,382,382
2471,169455_id-466.jpg,466,466
2472,169492_id-82.jpg,82,248
2473,169704_id-140.jpg,140,140
2474,169714_id-69.jpg,69,69
2475,169734_id-135.jpg,135,135
2476,169736_id-20.jpg,20,20
2477,169766_id-101.jpg,101,101
2478,169855_id-102.jpg,102,402
2479,169857_id-46.jpg,46,46
2480,169863_id-97.jpg,97,143
2481,169866_id-246.jpg,246,246
2482,169895_id-213.jpg,213,213
2483,170006_id-20.jpg,20,125
2484,170007_id-206.jpg,206,206
2485,170053_id-382.jpg,382,382
2486,170101_id-206.jpg,206,206
2487,170138_id-123.jpg,123,123
2488,170154_id-161.jpg,161,161
2489,170185_id-494.jpg,494,494
2490,170249_id-246.jpg,246,246
2491,170261_id-1.jpg,1,1
2492,170282_id-104.jpg,104,266
2493,170325_id-417.jpg,417,417
2494,170352_id-252.jpg,252,252
2495,170441_id-377.jpg,377,377
2496,170445_id-140.jpg,140,140
2497,170464_id-419.jpg,419,419
2498,170602_id-209.jpg,209,209
2499,170649_id-20.jpg,20,20
2500,170726_id-285.jpg,285,323
2501,170755_id-211.jpg,211,211
2502,170800_id-68.jpg,68,68
2503,170847_id-20.jpg,20,281
2504,170861_id-135.jpg,135,135
2505,170946_id-55.jpg,55,55
2506,171027_id-102.jpg,102,54
2507,171093_id-450.jpg,450,450
2508,171207_id-55.jpg,55,55
2509,171237_id-256.jpg,256,256
2510,171278_id-252.jpg,252,252
2511,171495_id-97.jpg,97,97
2512,171575_id-285.jpg,285,285
2513,171604_id-183.jpg,183,183
2514,171649_id-46.jpg,46,46
2515,171706_id-265.jpg,265,265
2516,171784_id-384.jpg,384,253
2517,171790_id-433.jpg,433,433
2518,171794_id-257.jpg,257,257
2519,171843_id-449.jpg,449,144
2520,172020_id-183.jpg,183,183
2521,172062_id-213.jpg,213,213
2522,172101_id-20.jpg,20,366
2523,172125_id-472.jpg,472,472
2524,172126_id-39.jpg,39,39
2525,172207_id-252.jpg,252,252
2526,172234_id-234.jpg,234,234
2527,172281_id-234.jpg,234,234
2528,172408_id-71.jpg,71,337
2529,172437_id-435.jpg,435,435
2530,172441_id-104.jpg,104,431
2531,172447_id-440.jpg,440,228
2532,172498_id-55.jpg,55,55
2533,172524_id-161.jpg,161,161
2534,172552_id-373.jpg,373,373
2535,172613_id-1.jpg,1,1
2536,172732_id-12.jpg,12,12
2537,172815_id-466.jpg,466,466
2538,172935_id-1.jpg,1,1
2539,172959_id-45.jpg,45,45
2540,172987_id-373.jpg,373,373
2541,173047_id-485.jpg,485,485
2542,173077_id-2.jpg,2,2
2543,173082_id-45.jpg,45,45
2544,173086_id-441.jpg,441,441
2545,173141_id-433.jpg,433,433
2546,173173_id-82.jpg,82,82
2547,173218_id-2.jpg,2,2
2548,173282_id-342.jpg,342,342
2549,173357_id-28.jpg,28,28
2550,173398_id-486.jpg,486,486
2551,173416_id-234.jpg,234,234
2552,173567_id-234.jpg,234,234
2553,173649_id-68.jpg,68,68
2554,173730_id-428.jpg,428,428
2555,173830_id-63.jpg,63,63
2556,173890_id-68.jpg,68,68
2557,173998_id-256.jpg,256,256
2558,174026_id-441.jpg,441,441
2559,174035_id-39.jpg,39,39
2560,174037_id-69.jpg,69,69
2561,174054_id-334.jpg,334,334
2562,174158_id-211.jpg,211,211
2563,174240_id-440.jpg,440,440
2564,174258_id-428.jpg,428,428
2565,174284_id-257.jpg,257,257
2566,174498_id-397.jpg,397,397
2567,174502_id-82.jpg,82,82
2568,174586_id-71.jpg,71,71
2569,174677_id-450.jpg,450,450
2570,174823_id-449.jpg,449,449
2571,175034_id-46.jpg,46,46
2572,175088_id-449.jpg,449,449
2573,175109_id-327.jpg,327,327
2574,175178_id-376.jpg,376,376
2575,175207_id-417.jpg,417,104
2576,175287_id-327.jpg,327,327
2577,175337_id-382.jpg,382,240
2578,175342_id-278.jpg,278,311
2579,175401_id-68.jpg,68,68
2580,175429_id-450.jpg,450,450
2581,175518_id-377.jpg,377,377
2582,175519_id-183.jpg,183,183
2583,175574_id-209.jpg,209,209
2584,175724_id-419.jpg,419,419
2585,175760_id-2.jpg,2,2
2586,175828_id-161.jpg,161,161
2587,175862_id-373.jpg,373,240
2588,175903_id-278.jpg,278,278
2589,175914_id-252.jpg,252,252
2590,175960_id-213.jpg,213,213
2591,176042_id-161.jpg,161,161
2592,176079_id-45.jpg,45,45
2593,176090_id-39.jpg,39,208
2594,176265_id-28.jpg,28,28
2595,176280_id-69.jpg,69,69
2596,176303_id-450.jpg,450,450
2597,176381_id-140.jpg,140,140
2598,176497_id-373.jpg,373,373
2599,176506_id-135.jpg,135,135
2600,176510_id-428.jpg,428,428
2601,176530_id-419.jpg,419,419
2602,176709_id-101.jpg,101,207
2603,176856_id-102.jpg,102,102
2604,177008_id-104.jpg,104,104
2605,177155_id-494.jpg,494,494
2606,177191_id-397.jpg,397,397
2607,177196_id-246.jpg,246,218
2608,177244_id-441.jpg,441,441
2609,177420_id-46.jpg,46,46
2610,177434_id-77.jpg,77,77
2611,177468_id-252.jpg,252,252
2612,177508_id-256.jpg,256,201
2613,177512_id-1.jpg,1,1
2614,177598_id-45.jpg,45,45
2615,177645_id-77.jpg,77,77
2616,177649_id-384.jpg,384,384
2617,177675_id-384.jpg,384,384
2618,177700_id-252.jpg,252,252
2619,177719_id-377.jpg,377,377
2620,177773_id-265.jpg,265,265
2621,177867_id-69.jpg,69,69
2622,177924_id-384.jpg,384,384
2623,177927_id-327.jpg,327,327
2624,177992_id-1.jpg,1,1
2625,178034_id-211.jpg,211,211
2626,178134_id-74.jpg,74,74
2627,178215_id-368.jpg,368,368
2628,178352_id-12.jpg,12,12
2629,178404_id-102.jpg,102,102
2630,178423_id-45.jpg,45,45
2631,178462_id-97.jpg,97,127
2632,178574_id-2.jpg,2,2
2633,178644_id-485.jpg,485,485
2634,178698_id-368.jpg,368,257
2635,178726_id-2.jpg,2,360
2636,178746_id-68.jpg,68,68
2637,178861_id-382.jpg,382,392
2638,178879_id-101.jpg,101,458
2639,178890_id-440.jpg,440,436
2640,178906_id-206.jpg,206,452
2641,178995_id-102.jpg,102,102
2642,179043_id-82.jpg,82,82
2643,179060_id-55.jpg,55,448
2644,179121_id-28.jpg,28,28
2645,179135_id-334.jpg,334,334
2646,179152_id-257.jpg,257,257
2647,179301_id-246.jpg,246,246
2648,179344_id-211.jpg,211,211
2649,179373_id-140.jpg,140,140
2650,179394_id-342.jpg,342,342
2651,179395_id-435.jpg,435,454
2652,179422_id-77.jpg,77,77
2653,179470_id-104.jpg,104,104
2654,179479_id-285.jpg,285,285
2655,179546_id-449.jpg,449,449
2656,179558_id-450.jpg,450,347
2657,179649_id-376.jpg,376,376
2658,179752_id-486.jpg,486,486
2659,179789_id-213.jpg,213,213
2660,179864_id-376.jpg,376,376
2661,180064_id-234.jpg,234,234
2662,180116_id-161.jpg,161,161
2663,180147_id-449.jpg,449,449
2664,180161_id-397.jpg,397,397
2665,180256_id-55.jpg,55,55
2666,180257_id-486.jpg,486,496
2667,180288_id-440.jpg,440,440
2668,180422_id-209.jpg,209,209
2669,180451_id-74.jpg,74,139
2670,180481_id-2.jpg,2,2
2671,180500_id-435.jpg,435,435
2672,180664_id-342.jpg,342,342
2673,180668_id-71.jpg,71,71
2674,180674_id-428.jpg,428,428
2675,180692_id-485.jpg,485,485
2676,180737_id-140.jpg,140,140
2677,180764_id-71.jpg,71,71
2678,180855_id-77.jpg,77,77
2679,180923_id-28.jpg,28,28
2680,181025_id-161.jpg,161,161
2681,181034_id-39.jpg,39,39
2682,181128_id-449.jpg,449,449
2683,181165_id-246.jpg,246,246
2684,181183_id-486.jpg,486,336
2685,181252_id-373.jpg,373,373
2686,181327_id-440.jpg,440,440
2687,181330_id-97.jpg,97,97
2688,181335_id-417.jpg,417,460
2689,181449_id-382.jpg,382,382
2690,181807_id-97.jpg,97,410
2691,181845_id-377.jpg,377,29
2692,181987_id-77.jpg,77,77
2693,182055_id-101.jpg,101,88
2694,182099_id-433.jpg,433,433
2695,182109_id-206.jpg,206,471
2696,182114_id-278.jpg,278,278
2697,182137_id-384.jpg,384,384
2698,182287_id-265.jpg,265,265
2699,182415_id-74.jpg,74,74
2700,182467_id-68.jpg,68,198
2701,182475_id-213.jpg,213,213
2702,182480_id-472.jpg,472,472
2703,182517_id-466.jpg,466,466
2704,182524_id-256.jpg,256,256
2705,182536_id-278.jpg,278,278
2706,182596_id-342.jpg,342,342
2707,182699_id-17.jpg,17,88
2708,182716_id-152.jpg,152,152
2709,182839_id-410.jpg,410,410
2710,182902_id-17.jpg,17,17
2711,182907_id-10.jpg,10,10
2712,183044_id-289.jpg,289,289
2713,183064_id-461.jpg,461,474
2714,183279_id-177.jpg,177,177
2715,183309_id-177.jpg,177,177
2716,183468_id-316.jpg,316,316
2717,183613_id-410.jpg,410,410
2718,183671_id-332.jpg,332,34
2719,183695_id-332.jpg,332,147
2720,183859_id-212.jpg,212,212
2721,183861_id-461.jpg,461,90
2722,183904_id-212.jpg,212,212
2723,183963_id-210.jpg,210,210
2724,183967_id-129.jpg,129,129
2725,183986_id-478.jpg,478,478
2726,184076_id-286.jpg,286,286
2727,184112_id-437.jpg,437,437
2728,184131_id-290.jpg,290,290
2729,184260_id-281.jpg,281,212
2730,184316_id-346.jpg,346,346
2731,184568_id-88.jpg,88,88
2732,184589_id-187.jpg,187,187
2733,184621_id-403.jpg,403,403
2734,184762_id-107.jpg,107,274
2735,184797_id-212.jpg,212,212
2736,184801_id-121.jpg,121,121
2737,184929_id-338.jpg,338,226
2738,185015_id-364.jpg,364,364
2739,185115_id-403.jpg,403,403
2740,185159_id-205.jpg,205,218
2741,185327_id-284.jpg,284,284
2742,185329_id-410.jpg,410,211
2743,185382_id-258.jpg,258,370
2744,185415_id-72.jpg,72,72
2745,185455_id-461.jpg,461,461
2746,185696_id-286.jpg,286,286
2747,185725_id-54.jpg,54,62
2748,185823_id-336.jpg,336,336
2749,185897_id-403.jpg,403,403
2750,185906_id-6.jpg,6,6
2751,185976_id-291.jpg,291,465
2752,186235_id-437.jpg,437,437
2753,186262_id-88.jpg,88,477
2754,186279_id-451.jpg,451,68
2755,186291_id-163.jpg,163,163
2756,186311_id-121.jpg,121,322
2757,186390_id-286.jpg,286,286
2758,186551_id-336.jpg,336,8
2759,186581_id-62.jpg,62,62
2760,186628_id-152.jpg,152,152
2761,186686_id-332.jpg,332,332
2762,186697_id-338.jpg,338,338
2763,186734_id-210.jpg,210,210
2764,186739_id-47.jpg,47,47
2765,186794_id-169.jpg,169,169
2766,186826_id-478.jpg,478,478
2767,186842_id-6.jpg,6,6
2768,186899_id-230.jpg,230,230
2769,186908_id-72.jpg,72,72
2770,186925_id-166.jpg,166,6
2771,186941_id-187.jpg,187,187
2772,186986_id-249.jpg,249,249
2773,187011_id-249.jpg,249,249
2774,187146_id-461.jpg,461,461
2775,187150_id-88.jpg,88,88
2776,187182_id-286.jpg,286,286
2777,187209_id-364.jpg,364,140
2778,187247_id-336.jpg,336,336
2779,187285_id-291.jpg,291,291
2780,187288_id-189.jpg,189,189
2781,187303_id-346.jpg,346,450
2782,187325_id-47.jpg,47,192
2783,187383_id-336.jpg,336,336
2784,187455_id-72.jpg,72,72
2785,187490_id-163.jpg,163,163
2786,187594_id-249.jpg,249,249
2787,187632_id-410.jpg,410,410
2788,187636_id-205.jpg,205,366
2789,187699_id-54.jpg,54,54
2790,187708_id-451.jpg,451,451
2791,187901_id-92.jpg,92,92
2792,187910_id-163.jpg,163,163
2793,187916_id-47.jpg,47,47
2794,187927_id-403.jpg,403,403
2795,187996_id-163.jpg,163,163
2796,188073_id-461.jpg,461,461
2797,188214_id-10.jpg,10,10
2798,188405_id-281.jpg,281,281
2799,188509_id-212.jpg,212,212
2800,188579_id-437.jpg,437,275
2801,188856_id-358.jpg,358,358
2802,189020_id-230.jpg,230,230
2803,189051_id-189.jpg,189,83
2804,189103_id-316.jpg,316,316
2805,189172_id-291.jpg,291,291
2806,189175_id-121.jpg,121,121
2807,189317_id-281.jpg,281,281
2808,189340_id-152.jpg,152,26
2809,189701_id-451.jpg,451,451
2810,190001_id-128.jpg,128,128
2811,190003_id-92.jpg,92,92
2812,190008_id-187.jpg,187,235
2813,190118_id-230.jpg,230,230
2814,190279_id-364.jpg,364,368
2815,190323_id-17.jpg,17,17
2816,190393_id-495.jpg,495,495
2817,190441_id-62.jpg,62,336
2818,190461_id-290.jpg,290,290
2819,190516_id-178.jpg,178,178
2820,190621_id-410.jpg,410,410
2821,190646_id-249.jpg,249,249
2822,190653_id-163.jpg,163,163
2823,190670_id-177.jpg,177,177
2824,190679_id-17.jpg,17,17
2825,190776_id-166.jpg,166,166
2826,190891_id-143.jpg,143,143
2827,190967_id-451.jpg,451,496
2828,191039_id-166.jpg,166,166
2829,191091_id-284.jpg,284,284
2830,191113_id-478.jpg,478,478
2831,191124_id-358.jpg,358,358
2832,191161_id-336.jpg,336,336
2833,191237_id-289.jpg,289,289
2834,191269_id-230.jpg,230,230
2835,191356_id-210.jpg,210,11
2836,191357_id-478.jpg,478,310
2837,191394_id-166.jpg,166,166
2838,191454_id-107.jpg,107,274
2839,191526_id-364.jpg,364,364
2840,191541_id-189.jpg,189,189
2841,191549_id-163.jpg,163,163
2842,191554_id-166.jpg,166,166
2843,191664_id-410.jpg,410,410
2844,191672_id-107.jpg,107,107
2845,191728_id-332.jpg,332,332
2846,191865_id-129.jpg,129,129
2847,191872_id-178.jpg,178,178
2848,191881_id-72.jpg,72,72
2849,192043_id-437.jpg,437,437
2850,192108_id-143.jpg,143,143
2851,192185_id-198.jpg,198,221
2852,192252_id-92.jpg,92,92
2853,192265_id-152.jpg,152,152
2854,192353_id-284.jpg,284,284
2855,192386_id-88.jpg,88,218
2856,192650_id-336.jpg,336,219
2857,192658_id-495.jpg,495,230
2858,192664_id-165.jpg,165,407
2859,192741_id-205.jpg,205,205
2860,192757_id-187.jpg,187,235
2861,192923_id-210.jpg,210,173
2862,193068_id-338.jpg,338,338
2863,193074_id-249.jpg,249,220
2864,193175_id-54.jpg,54,92
2865,193302_id-495.jpg,495,495
2866,193370_id-338.jpg,338,338
2867,193422_id-47.jpg,47,47
2868,193442_id-92.jpg,92,92
2869,193510_id-290.jpg,290,290
2870,193593_id-10.jpg,10,10
2871,193706_id-338.jpg,338,338
2872,193741_id-177.jpg,177,177
2873,193742_id-10.jpg,10,294
2874,193772_id-289.jpg,289,289
2875,194012_id-143.jpg,143,336
2876,194021_id-281.jpg,281,281
2877,194147_id-289.jpg,289,289
2878,194229_id-129.jpg,129,192
2879,194261_id-230.jpg,230,230
2880,194287_id-10.jpg,10,195
2881,194336_id-152.jpg,152,152
2882,194357_id-346.jpg,346,346
2883,194403_id-198.jpg,198,198
2884,194409_id-290.jpg,290,290
2885,194453_id-289.jpg,289,289
2886,194465_id-210.jpg,210,210
2887,194493_id-291.jpg,291,291
2888,194517_id-332.jpg,332,332
2889,194554_id-316.jpg,316,316
2890,194623_id-166.jpg,166,166
2891,194768_id-129.jpg,129,18
2892,194791_id-143.jpg,143,143
2893,194845_id-205.jpg,205,205
2894,194926_id-169.jpg,169,122
2895,194952_id-6.jpg,6,6
2896,194989_id-178.jpg,178,178
2897,195011_id-121.jpg,121,121
2898,195095_id-461.jpg,461,96
2899,195199_id-286.jpg,286,286
2900,195257_id-92.jpg,92,92
2901,195300_id-177.jpg,177,177
2902,195319_id-107.jpg,107,179
2903,195349_id-177.jpg,177,177
2904,195396_id-346.jpg,346,346
2905,195436_id-290.jpg,290,408
2906,195506_id-358.jpg,358,358
2907,195542_id-165.jpg,165,165
2908,195667_id-88.jpg,88,88
2909,195695_id-121.jpg,121,121
2910,195888_id-437.jpg,437,437
2911,195914_id-128.jpg,128,128
2912,195978_id-290.jpg,290,290
2913,196026_id-249.jpg,249,249
2914,196054_id-338.jpg,338,338
2915,196121_id-291.jpg,291,451
2916,196179_id-284.jpg,284,284
2917,196248_id-316.jpg,316,316
2918,196329_id-6.jpg,6,6
2919,196384_id-189.jpg,189,189
2920,196674_id-495.jpg,495,438
2921,196835_id-54.jpg,54,54
2922,196844_id-451.jpg,451,451
2923,196976_id-205.jpg,205,205
2924,197102_id-62.jpg,62,62
2925,197137_id-403.jpg,403,462
2926,197199_id-128.jpg,128,128
2927,197302_id-178.jpg,178,178
2928,197321_id-169.jpg,169,442
2929,197335_id-451.jpg,451,451
2930,197547_id-495.jpg,495,495
2931,197585_id-212.jpg,212,422
2932,197612_id-291.jpg,291,291
2933,197710_id-495.jpg,495,495
2934,197731_id-198.jpg,198,417
2935,197768_id-6.jpg,6,6
2936,197791_id-62.jpg,62,62
2937,197887_id-212.jpg,212,149
2938,197916_id-346.jpg,346,305
2939,198105_id-47.jpg,47,235
2940,198289_id-6.jpg,6,6
2941,198306_id-230.jpg,230,230
2942,198370_id-358.jpg,358,358
2943,198745_id-72.jpg,72,72
2944,198780_id-364.jpg,364,364
2945,198809_id-437.jpg,437,437
2946,198890_id-198.jpg,198,198
2947,198891_id-189.jpg,189,189
2948,198940_id-107.jpg,107,107
2949,199091_id-281.jpg,281,281
2950,199094_id-258.jpg,258,258
2951,199119_id-187.jpg,187,218
2952,199142_id-88.jpg,88,88
2953,199173_id-143.jpg,143,143
2954,199177_id-284.jpg,284,284
2955,199204_id-289.jpg,289,289
2956,199229_id-332.jpg,332,332
2957,199240_id-92.jpg,92,92
2958,199310_id-165.jpg,165,165
2959,199347_id-121.jpg,121,121
2960,199439_id-10.jpg,10,10
2961,199510_id-346.jpg,346,346
2962,199606_id-128.jpg,128,483
2963,199697_id-17.jpg,17,17
2964,199742_id-178.jpg,178,78
2965,199766_id-129.jpg,129,280
2966,200039_id-72.jpg,72,72
2967,200128_id-187.jpg,187,187
2968,200172_id-165.jpg,165,406
2969,200179_id-358.jpg,358,358
2970,200195_id-258.jpg,258,258
2971,200206_id-47.jpg,47,192
2972,200207_id-165.jpg,165,143
2973,200242_id-358.jpg,358,358
2974,200275_id-403.jpg,403,403
2975,200286_id-17.jpg,17,17
2976,200315_id-198.jpg,198,198
2977,200531_id-198.jpg,198,198
2978,200546_id-128.jpg,128,128
2979,200556_id-258.jpg,258,258
2980,200783_id-178.jpg,178,178
2981,200816_id-258.jpg,258,258
2982,200823_id-62.jpg,62,62
2983,200852_id-128.jpg,128,128
2984,200932_id-54.jpg,54,54
2985,201038_id-316.jpg,316,316
2986,201078_id-364.jpg,364,364
2987,201126_id-143.jpg,143,143
2988,201156_id-152.jpg,152,26
2989,201172_id-169.jpg,169,336
2990,201226_id-54.jpg,54,54
2991,201239_id-284.jpg,284,284
2992,201479_id-286.jpg,286,286
2993,201593_id-62.jpg,62,62
2994,201606_id-189.jpg,189,189
2995,201873_id-6.jpg,6,6
2996,201874_id-258.jpg,258,450
2997,201969_id-316.jpg,316,316
2998,202074_id-478.jpg,478,496
2999,202178_id-107.jpg,107,192
3000,202214_id-165.jpg,165,165
3001,202240_id-169.jpg,169,169
3002,202296_id-205.jpg,205,205
3003,202474_id-281.jpg,281,281
3004,202497_id-478.jpg,478,478
3005,202534_id-210.jpg,210,210
3006,202546_id-129.jpg,129,129
3007,202553_id-169.jpg,169,91
